timestamp,timestamp_sample,states[0],states[1],states[2],states[3],states[4],states[5],states[6],states[7],states[8],states[9],states[10],states[11],states[12],states[13],states[14],states[15],states[16],states[17],states[18],states[19],states[20],states[21],states[22],states[23],covariances[0],covariances[1],covariances[2],covariances[3],covariances[4],covariances[5],covariances[6],covariances[7],covariances[8],covariances[9],covariances[10],covariances[11],covariances[12],covariances[13],covariances[14],covariances[15],covariances[16],covariances[17],covariances[18],covariances[19],covariances[20],covariances[21],covariances[22],n_states
631383601,631193221,0.71401143,0.0058105057,-0.002735957,0.7001046,0.0015342521,0.0021298146,0.026228663,0.25013337,2.8100138,-0.7189499,0.00030744474,0.00020179215,0.00037571377,-0.0053901076,0.0024189404,-0.014281549,0.0,0.0,0.0,0.0,0.0,0.0,0.0,0.0,1.8329369e-05,1.8335799e-05,0.00041030714,0.0039411862,0.003940882,0.002060967,0.0040651956,0.0040650195,0.0028756352,1.8379525e-07,1.8357464e-07,4.327903e-07,0.0006979227,0.00069908926,1.1362087e-05,0.0025000002,0.0025000002,0.0025000002,0.0025000002,0.0025000002,0.0025000002,1.0,1.0,24
632383470,632193211,0.7139261,0.0058001,-0.0026806067,0.70019203,-0.0027893009,0.0029105996,0.024732893,0.24838527,2.810704,-0.7229725,0.00030854988,0.00020010231,0.00037472707,-0.0055599855,0.00245439,-0.014144959,0.0,0.0,0.0,0.0,0.0,0.0,0.0,0.0,1.8724859e-05,1.8732095e-05,0.0004196319,0.005122251,0.0051218956,0.0024667054,0.0020002932,0.0020002725,0.0015435886,1.8429064e-07,1.8409158e-07,4.3466864e-07,0.00069776905,0.00069903355,1.1384766e-05,0.0025000002,0.0025000002,0.0025000002,0.0025000002,0.0025000002,0.0025000002,1.0,1.0,24
633383467,633193211,0.7138666,0.005804382,-0.0026596256,0.7002526,-0.0053472775,0.0012721964,0.014775859,0.24567468,2.8111544,-0.7285753,0.0003128519,0.00019783904,0.0003726696,-0.0058150264,0.002508483,-0.013938896,0.0,0.0,0.0,0.0,0.0,0.0,0.0,0.0,1.7348832e-05,1.7357654e-05,0.00042015113,0.0033255022,0.0033253722,0.0019003827,0.0017700739,0.0017700437,0.0014270853,1.8054511e-07,1.803739e-07,4.326745e-07,0.00069763773,0.00069911056,1.1332915e-05,0.0025000002,0.0025000002,0.0025000002,0.0025000002,0.0025000002,0.0025000002,1.0,1.0,24
634383491,634193212,0.7138252,0.005739566,-0.0026784965,0.7002953,-0.003374016,0.0034255728,0.016056845,0.24725987,2.8099716,-0.7300003,0.00032124095,0.0001932877,0.00037227885,-0.0059653083,0.0025396654,-0.013815897,0.0,0.0,0.0,0.0,0.0,0.0,0.0,0.0,1.7228633e-05,1.7239128e-05,0.00042059823,0.0025240534,0.0025239214,0.0015521344,0.0016522807,0.0016522583,0.0013810046,1.8032256e-07,1.8016983e-07,4.3075195e-07,0.00069753657,0.0006991895,1.1299031e-05,0.0025000002,0.0025000002,0.0025000002,0.0025000002,0.0025000002,0.0025000002,1.0,1.0,24
635383471,635193212,0.71343565,0.005704703,-0.0033576705,0.70068955,0.0057443734,-0.0015145354,-0.0014375914,0.24521127,2.8119886,-0.73325616,0.00032973476,0.00019040299,0.00037075128,-0.00609684,0.0025650202,-0.013707696,0.0,0.0,0.0,0.0,0.0,0.0,0.0,0.0,1.7826298e-05,1.7838001e-05,0.0004223526,0.0028624495,0.0028623429,0.0016265721,0.0017774372,0.0017773993,0.001417051,1.8238892e-07,1.8224853e-07,4.3215354e-07,0.0006974865,0.0006992712,1.1297911e-05,0.0025000002,0.0025000002,0.0025000002,0.0025000002,0.0025000002,0.0025000002,1.0,1.0,24
636383469,636193211,0.69484437,0.0032717022,-0.004163579,0.71914065,-0.020238943,0.020290669,0.013336433,0.27755088,2.8111815,-0.7424322,0.00030346503,0.00018875384,0.00036589944,-0.006221481,0.0025906868,-0.013615735,0.0,0.0,0.0,0.0,0.0,0.0,0.0,0.0,1.77736e-05,1.7785553e-05,0.00042434185,0.0029283396,0.0029283958,0.0016473138,0.0018493533,0.0018493788,0.0014478167,1.8258096e-07,1.8245707e-07,4.3425916e-07,0.00069743337,0.0006993511,1.1292364e-05,0.0025000002,0.0025000002,0.0025000002,0.0025000002,0.0025000002,0.0025000002,1.0,1.0,24
637383465,637193211,0.7229047,0.012591326,0.01333896,0.6907043,0.09781119,0.006731982,-0.12747775,0.32143834,2.826344,-0.85940313,0.00029620077,0.00016971002,0.00036571285,-0.0061120815,0.0025762331,-0.013725225,0.0,0.0,0.0,0.0,0.0,0.0,0.0,0.0,1.757942e-05,1.7591708e-05,0.00042628025,0.0029222812,0.0029238896,0.001647168,0.0018597444,0.0018598562,0.0014521327,1.8245906e-07,1.823554e-07,4.3627526e-07,0.0006973204,0.0006993673,1.1285145e-05,0.0025000002,0.0025000002,0.0025000002,0.0025000002,0.0025000002,0.0025000002,1.0,1.0,24
638383464,638193212,0.7190386,0.016885322,-0.00019204339,0.694765,-0.067059666,-0.0622732,-0.2077265,0.30673933,2.781998,-0.9729455,0.00028898328,0.00019808837,0.00037366519,-0.005818631,0.002582193,-0.013991306,0.0,0.0,0.0,0.0,0.0,0.0,0.0,0.0,1.7449294e-05,1.7463217e-05,0.0004280675,0.0029118294,0.0029153477,0.0016480485,0.0018520681,0.00185218,0.001452219,1.8260303e-07,1.8249258e-07,4.381429e-07,0.00069728674,0.0006994216,1.1279371e-05,0.0025000002,0.0025000002,0.0025000002,0.0025000002,0.0025000002,0.0025000002,1.0,1.0,24
639383490,639193211,0.7177337,0.014799419,-0.0022687172,0.6961568,-0.03689925,-0.019586243,0.24191734,0.25583133,2.7541604,-0.9320595,0.00030009606,0.00023077699,0.00037794455,-0.005757787,0.0023870205,-0.014186475,0.0,0.0,0.0,0.0,0.0,0.0,0.0,0.0,1.7464394e-05,1.7478182e-05,0.00042960225,0.0028191172,0.0028190406,0.001648607,0.0018334346,0.0018336521,0.0014523087,1.8301057e-07,1.8287736e-07,4.3984144e-07,0.000697265,0.00069941184,1.1274694e-05,0.0025000002,0.0025000002,0.0025000002,0.0025000002,0.0025000002,0.0025000002,1.0,1.0,24
640383479,640193211,0.71252763,0.0064823637,0.0026392846,0.70160925,0.0054481663,0.01841592,0.0045114025,0.25981706,2.8338883,-0.8845595,0.00032124668,0.00030739178,0.00038196443,-0.005967773,0.0021452832,-0.014234546,0.0,0.0,0.0,0.0,0.0,0.0,0.0,0.0,1.7599405e-05,1.7609154e-05,0.00043137567,0.0029034263,0.0029042058,0.0016487136,0.0018448678,0.0018447898,0.0014525398,1.8343842e-07,1.8332479e-07,4.4158935e-07,0.0006971773,0.0006992502,1.12701555e-05,0.0025000002,0.0025000002,0.0025000002,0.0025000002,0.0025000002,0.0025000002,1.0,1.0,24
641383463,641193212,0.712544,0.013215705,0.004303802,0.7014898,0.029442588,-0.076887414,-0.15155311,0.31061545,2.7699182,-1.1880411,0.00034801904,0.00025044248,0.0003881199,-0.0060620103,0.0019533767,-0.014345177,0.0,0.0,0.0,0.0,0.0,0.0,0.0,0.0,1.7648677e-05,1.7657852e-05,0.0004367576,0.003155562,0.003155172,0.0017530335,0.0023296762,0.0023299593,0.0017701401,1.8394931e-07,1.8384547e-07,4.4482755e-07,0.00069714943,0.00069913943,1.1273287e-05,0.0025000002,0.0025000002,0.0025000002,0.0025000002,0.0025000002,0.0025000002,1.0,1.0,24
642383464,642193211,0.70887375,0.017879149,0.0008750066,0.7051082,-0.029186426,0.030818805,-0.03514366,0.34461454,2.7121654,-1.0907516,0.00039932827,0.00023208249,0.00039354846,-0.0059003113,0.0017077652,-0.0145447645,0.0,0.0,0.0,0.0,0.0,0.0,0.0,0.0,1.7511626e-05,1.7521386e-05,0.0004382502,0.00289697,0.0028941263,0.0016517849,0.001850227,0.0018501474,0.0014735943,1.8387622e-07,1.8377457e-07,4.4624065e-07,0.00069710833,0.0006990505,1.1260044e-05,0.0025000002,0.0025000002,0.0025000002,0.0025000002,0.0025000002,0.0025000002,1.0,1.0,24
643383468,643193214,0.7038286,0.0043027275,0.007028666,0.7103221,-0.06487397,0.06636599,0.09082324,0.29278904,2.788663,-1.1931593,0.00041167776,0.00023134577,0.00039630607,-0.0059095533,0.001718156,-0.01453298,0.0,0.0,0.0,0.0,0.0,0.0,0.0,0.0,1.754069e-05,1.7548233e-05,0.00043921013,0.0028915163,0.0028902742,0.0016603406,0.00185091,0.0018501846,0.0014529901,1.840409e-07,1.8398113e-07,4.474634e-07,0.00069700304,0.0006989856,1.1253533e-05,0.0025000002,0.0025000002,0.0025000002,0.0025000002,0.0025000002,0.0025000002,1.0,1.0,24
644383495,644193212,0.7191126,0.0055380324,-0.0035454398,0.69486254,-0.018103093,0.009916237,0.018426407,0.24546185,2.8272402,-1.1838819,0.00041031244,0.00023981869,0.00039596268,-0.0060588736,0.0018355026,-0.014433913,0.0,0.0,0.0,0.0,0.0,0.0,0.0,0.0,1.757249e-05,1.7581435e-05,0.0004404689,0.0028899987,0.0028904073,0.0016527459,0.0018467035,0.001846717,0.0014546238,1.8417909e-07,1.8413978e-07,4.4873715e-07,0.0006968261,0.0006988938,1.1245073e-05,0.0025000002,0.0025000002,0.0025000002,0.0025000002,0.0025000002,0.0025000002,1.0,1.0,24
645383470,645193211,0.71846306,-0.015517102,0.026917087,0.69487095,0.015595974,-0.2591253,0.010161998,0.24301605,2.7600596,-1.1858367,0.0003875395,0.0002395168,0.0003991581,-0.006221959,0.0019231075,-0.014325634,0.0,0.0,0.0,0.0,0.0,0.0,0.0,0.0,1.7604156e-05,1.7617558e-05,0.0004414547,0.0029246162,0.002894726,0.0016500273,0.001847374,0.0018461074,0.0014534491,1.843647e-07,1.8431442e-07,4.497607e-07,0.0006966966,0.00069888344,1.1236727e-05,0.0025000002,0.0025000002,0.0025000002,0.0025000002,0.0025000002,0.0025000002,1.0,1.0,24
646383463,646193212,0.40525594,0.37607142,0.6489216,0.52272236,-1.0965304,0.27000022,0.65563345,0.16516207,2.293262,-0.7561297,0.00029757796,0.00026954536,0.00049648836,-0.0059776227,0.0017901302,-0.014467516,0.0,0.0,0.0,0.0,0.0,0.0,0.0,0.0,1.7546929e-05,1.7713537e-05,0.00043610358,0.0080878595,0.009953072,0.011145848,0.0018000577,0.0017883339,0.0014384766,1.8471533e-07,1.8448009e-07,4.4898255e-07,0.0006966112,0.00069889164,1.1239654e-05,0.0025000002,0.0025000002,0.0025000002,0.0025000002,0.0025000002,0.0025000002,1.0,1.0,24
647383466,647193212,-0.2562001,0.73134923,0.589817,-0.2271693,-0.41306573,0.49829173,1.3766181,-0.83759385,2.6650012,0.95772797,-0.00011136314,0.0003152145,0.00041144088,-0.004964068,0.004302905,-0.014508108,0.0,0.0,0.0,0.0,0.0,0.0,0.0,0.0,1.71051e-05,1.7434391e-05,0.00040711008,0.0050745513,0.003951387,0.0036569624,0.0023022948,0.0022686755,0.0022647737,1.8769153e-07,1.883456e-07,4.5077917e-07,0.00069645303,0.00068712566,1.1254564e-05,0.0025000002,0.0025000002,0.0025000002,0.0025000002,0.0025000002,0.0025000002,1.0,1.0,24
648383468,648193211,-0.23680708,0.73425984,0.6014178,-0.20756093,0.052655183,0.36443606,1.0380205,-0.83375734,2.8278973,2.0093586,2.5592683e-06,0.00014209548,0.0005531981,-0.011214994,-0.045588758,-0.014779257,0.0,0.0,0.0,0.0,0.0,0.0,0.0,0.0,1.7989962e-05,1.5230322e-05,0.0003688892,0.004664606,0.0028357904,0.0020192075,0.0021758587,0.0018539737,0.0017079039,1.9336125e-07,1.9626253e-07,4.4768666e-07,0.00069505,0.0005446185,1.1326385e-05,0.0025000002,0.0025000002,0.0025000002,0.0025000002,0.0025000002,0.0025000002,1.0,1.0,24
649383497,649193211,-0.23695469,0.73186696,0.60306984,-0.21102163,0.17055848,0.13262273,0.85798717,-0.75684583,2.7953806,2.6830153,-0.00012805057,-2.132188e-05,0.00036473968,-0.012830095,-0.060842704,-0.015570455,0.0,0.0,0.0,0.0,0.0,0.0,0.0,0.0,1.8225757e-05,1.2708523e-05,0.00034410012,0.0039895885,0.0030443068,0.0031011964,0.002128748,0.001837417,0.0045561255,1.9861113e-07,2.050193e-07,4.5129403e-07,0.0006923674,0.0003986951,1.138607e-05,0.0025000002,0.0025000002,0.0025000002,0.0025000002,0.0025000002,0.0025000002,1.0,1.0,24
650383465,650193211,-0.23706752,0.72781795,0.6067834,-0.21422891,0.15083772,-0.052455384,0.7910825,-0.754513,2.6484125,3.5101104,-0.00028341467,-3.3326363e-05,5.932126e-05,-0.010698806,-0.04857596,-0.015834562,0.0,0.0,0.0,0.0,0.0,0.0,0.0,0.0,1.8041816e-05,1.2042543e-05,0.00032431222,0.0033048997,0.0030313681,0.0048809233,0.001999227,0.0018741288,0.014402187,2.0354574e-07,2.1479872e-07,4.5360486e-07,0.00069099356,0.00034095292,1.146302e-05,0.0025000002,0.0025000002,0.0025000002,0.0025000002,0.0025000002,0.0025000002,1.0,1.0,24
651383463,651193211,-0.23697944,0.72536427,0.60914654,-0.2159353,0.16607675,-0.14809586,0.72380954,-0.67173177,2.4915097,4.22421,-0.0003862282,-9.006448e-07,-0.00012522949,-0.009911301,-0.04838741,-0.016047228,0.0,0.0,0.0,0.0,0.0,0.0,0.0,0.0,1.8084558e-05,1.2431288e-05,0.00030455954,0.0030043493,0.0029805563,0.0068239267,0.001901834,0.0018684969,0.03404398,2.0720633e-07,2.2394825e-07,4.4938457e-07,0.00069070375,0.0003250773,1.1545072e-05,0.0025000002,0.0025000002,0.0025000002,0.0025000002,0.0025000002,0.0025000002,1.0,1.0,24
652383464,652193211,-0.237349,0.7253842,0.6087801,-0.2164953,0.22809245,-0.15424877,0.6212237,-0.48703516,2.3764977,4.745615,-0.00044263943,-3.86778e-05,-9.133912e-05,-0.009396676,-0.05372563,-0.016357284,0.0,0.0,0.0,0.0,0.0,0.0,0.0,0.0,1.823535e-05,1.2981654e-05,0.00028806968,0.0029220288,0.0029839561,0.008750621,0.0018616155,0.0018661658,0.06541145,2.0872999e-07,2.3101263e-07,4.4067156e-07,0.00069072563,0.00031878825,1.1622367e-05,0.0025000002,0.0025000002,0.0025000002,0.0025000002,0.0025000002,0.0025000002,1.0,1.0,24
653383473,653193214,0.19120826,-0.529173,0.7851517,-0.25875148,0.6449407,-0.07862088,0.48921,0.28522858,2.351048,5.0579863,9.7138596e-05,-0.00023656935,0.00014192704,-0.007798378,-0.059804354,-0.016776966,0.0,0.0,0.0,0.0,0.0,0.0,0.0,0.0,1.7532731e-05,1.2596693e-05,0.03333311,0.00298639,0.0031298911,0.010445216,0.0018529318,0.0018704201,0.10745247,2.081477e-07,2.360181e-07,4.3130316e-07,0.0006906793,0.0003108765,1.16903775e-05,0.0025000002,0.0025000002,0.0025000002,0.0025000002,0.0025000002,0.0025000002,1.0,1.0,24
