timestamp,timestamp_sample,device_id,magnetometer_ga[0],magnetometer_ga[1],magnetometer_ga[2],calibration_count
630555902,630529757,4395041,-0.20895442,-0.076966554,0.31591657,3
630605905,630604757,4395041,-0.26808688,-0.117346175,0.29768142,3
630705904,630679757,4395041,-0.31581578,-0.03434535,0.2695359,3
630755901,630754757,4395041,-0.2507115,-0.050229523,0.30055925,3
630855901,630829767,4395041,-0.2125657,-0.07487829,0.2931072,3
630905904,630904757,4395041,-0.2217478,-0.057870943,0.28285992,3
631005907,630979757,4395041,-0.24341562,-0.05573085,0.27737886,3
631055901,631054757,4395041,-0.22563899,-0.02780872,0.27017307,3
631155922,631129767,4395041,-0.21800493,-0.070966825,0.2786733,3
631205904,631204757,4395041,-0.24335515,-0.061324652,0.27532908,3
631305905,631279757,4395041,-0.23429136,-0.06707966,0.28136456,3
631355901,631354757,4395041,-0.23976825,-0.061431617,0.28363428,3
631455900,631429757,4395041,-0.23438175,-0.05772712,0.2812627,3
631505929,631504778,4395041,-0.22520871,-0.07279717,0.28313252,3
631605903,631579756,4395041,-0.23604128,-0.07270482,0.28564006,3
631655899,631654756,4395041,-0.23596624,-0.080202006,0.28777832,3
631755898,631729756,4395041,-0.22153507,-0.08036652,0.28935796,3
631805903,631804756,4395041,-0.22159234,-0.0727675,0.27465346,3
631905903,631879765,4395041,-0.23056892,-0.078369945,0.28547263,3
631955898,631954756,4395041,-0.23239896,-0.07649957,0.28764197,3
632055900,632029756,4395041,-0.22876418,-0.07838823,0.28540513,3
632105903,632104756,4395041,-0.22882655,-0.072795354,0.28747258,3
632205925,632179765,4395041,-0.23238114,-0.07835424,0.2855891,3
632255899,632254756,4395041,-0.23604563,-0.072722234,0.28774258,3
632355899,632329756,4395041,-0.2306068,-0.0746135,0.2833681,3
632405903,632404756,4395041,-0.22885528,-0.06901991,0.28323314,3
632505902,632479756,4395041,-0.22515471,-0.07842481,0.2852698,3
632555918,632554774,4395041,-0.2252542,-0.06909114,0.28730318,3
632655899,632629756,4395041,-0.2360642,-0.07085185,0.2877254,3
632705903,632704756,4395041,-0.23593077,-0.08391143,0.2836732,3
632805902,632779756,4395041,-0.23238117,-0.07835428,0.2855894,3
632855898,632854756,4395041,-0.23607251,-0.068978354,0.2876421,3
632955899,632929765,4395041,-0.22703548,-0.07094166,0.28735483,3
633005902,633004756,4395041,-0.22514278,-0.08031347,0.28740636,3
633105904,633079756,4395041,-0.22881044,-0.07466659,0.2875063,3
633155898,633154756,4395041,-0.2361181,-0.0651759,0.27936044,3
633255918,633229765,4395041,-0.23068781,-0.06715013,0.2854187,3
633305903,633304756,4395041,-0.23240747,-0.07653439,0.29184824,3
633405903,633379756,4395041,-0.23968148,-0.07081765,0.28791,3
633455898,633454756,4395041,-0.23247322,-0.06901802,0.28757316,3
633555899,633529756,4395041,-0.21970516,-0.082236886,0.287188,3
633605925,633604774,4395041,-0.22156693,-0.07657613,0.28306434,3
633705903,633679756,4395041,-0.23427711,-0.06896734,0.283484,3
633755899,633754756,4395041,-0.23596445,-0.080137536,0.27946615,3
633855899,633829756,4395041,-0.22690225,-0.083889656,0.26877725,3
633905903,633904756,4395041,-0.2431783,-0.07996679,0.26724845,3
634005903,633979766,4395041,-0.24861678,-0.07607089,0.25488308,3
634055900,634054756,4395041,-0.25040853,-0.07595242,0.24241832,3
634155898,634129756,4395041,-0.25400233,-0.07773897,0.2363502,3
634205903,634204756,4395041,-0.25036487,-0.07953097,0.22163673,3
634305923,634279765,4395041,-0.26849097,-0.06987905,0.20760722,3
634355899,634354757,4395041,-0.29004765,-0.07896144,0.2022323,3
634455899,634429756,4395041,-0.30619597,-0.086112045,0.18203443,3
634505902,634504756,4395041,-0.30084527,-0.07855361,0.16507848,3
634605903,634579756,4395041,-0.30440044,-0.08010429,0.12974833,3
634655917,634654774,4395041,-0.3441421,-0.07384397,0.099892944,3
634755898,634729756,4395041,-0.3477742,-0.06794638,0.06867613,3
634805903,634804756,4395041,-0.37648746,-0.08043193,0.03023681,3
634905903,634879756,4395041,-0.39093783,-0.07626416,-0.0047326125,3
634955899,634954756,4395041,-0.40553263,-0.057099573,-0.044011664,3
635055900,635029766,4395041,-0.6541949,-0.0856114,-0.1303754,3
635105903,635104756,4395041,-0.4847083,-0.07033216,-0.15778546,3
635205903,635179756,4395041,-0.50451803,-0.069913514,-0.1841011,3
635255898,635254756,4395041,-0.4700519,-0.064483084,-0.4420335,3
635355918,635329765,4395041,-0.42138743,-0.085984305,-0.15372336,3
635405904,635404757,4395041,-0.4665794,-0.07802867,-0.15418662,3
635505903,635479756,4395041,-0.5152898,-0.077401996,-0.16903996,3
635555898,635554756,4395041,-0.4520886,-0.08595327,-0.117073104,3
635655898,635629756,4395041,-0.54234016,-0.07692906,-0.19305766,3
635705929,635704774,4395041,-0.48440954,-0.059469916,-0.58339655,3
635805903,635779756,4395041,-0.50638163,-0.07461256,-0.060899124,3
635855899,635854756,4395041,-0.4448778,-0.081922635,-0.16330872,3
635955899,635929756,4395041,-0.4899718,-0.081217155,-0.19292009,3
636005902,636004756,4395041,-0.58199924,-0.08023383,-0.19569935,3
636105904,636079765,4395041,-0.5460991,-0.06391609,-0.17846227,3
636155899,636154756,4395041,-0.49905455,-0.073593214,-0.19887336,3
636255899,636229756,4395041,-0.5422821,-0.08056912,-0.20550866,3
636305903,636304756,4395041,-0.50623995,-0.07729397,-0.19439632,3
636405924,636379765,4395041,-0.5206863,-0.07517786,-0.20639074,3
636455899,636454756,4395041,-0.5496699,-0.06556764,-0.20126303,3
636555899,636529756,4395041,-0.5296594,-0.07255374,-0.28952315,3
636605904,636604756,4395041,-0.6938869,-0.07479764,-0.26253062,3
636705902,636679756,4395041,-0.54042804,-0.071766,-0.3747198,3
636755918,636754775,4395041,-0.55318016,-0.068675645,-0.2762113,3
636855899,636829756,4395041,-0.58894163,-0.08558972,-0.4541502,3
636905903,636904756,4395041,-0.52435833,-0.06529449,-0.26902735,3
637005910,636979756,4395041,-0.65790665,-0.059835944,-0.3099485,3
637055898,637054756,4395041,-0.79104906,-0.099796034,-0.2836324,3
637155898,637129765,4395041,-0.5008882,-0.061458886,-0.311624,3
637205903,637204756,4395041,-0.5422381,-0.0717974,-0.3683925,3
637305903,637279756,4395041,-0.58558685,-0.06758466,-0.37097996,3
637355899,637354756,4395041,-0.5964494,-0.063701,-0.3747825,3
637455920,637429765,4395041,-0.59100556,-0.06335906,-0.42513418,3
637505903,637504756,4395041,-0.60006154,-0.059592325,-0.41641393,3
637605903,637579756,4395041,-0.65055144,-0.060768344,-0.4374206,3
637655902,637654756,4395041,-0.6072024,-0.07094142,-0.39106733,3
637755899,637729756,4395041,-0.58204967,-0.06000773,-0.38794184,3
637805925,637804774,4395041,-0.61065876,-0.08570407,-0.4117326,3
637905903,637879756,4395041,-0.5999663,-0.07091444,-0.40382525,3
637955899,637954756,4395041,-0.57838756,-0.0637513,-0.39215043,3
638055899,638029756,4395041,-0.60710037,-0.074118786,-0.46194667,3
638105903,638104756,4395041,-0.59679484,-0.025928123,-0.4211018,3
638205903,638179766,4395041,-0.594648,-0.059597738,-0.4229113,3
638255898,638254756,4395041,-0.62161916,-0.0704647,-0.4323372,3
638355898,638329756,4395041,-0.6108935,-0.05933441,-0.434897,3
638405903,638404756,4395041,-0.60360414,-0.066873394,-0.43722108,3
638505923,638479765,4395041,-0.58188367,-0.078845546,-0.37110817,3
638555898,638554756,4395041,-0.53870463,-0.07256275,-0.27671695,3
638655899,638629756,4395041,-0.47374848,-0.07942964,-0.20402053,3
638705903,638704756,4395041,-0.4520787,-0.08158583,-0.19646163,3
638805903,638779756,4395041,-0.51876116,-0.082034394,-0.2878572,3
638855918,638854774,4395041,-0.5564833,-0.09836867,-0.30089307,3
638955902,638929758,4395041,-0.5114912,-0.08771952,-0.28810865,3
639005903,639004756,4395041,-0.5781742,-0.08219054,-0.42536402,3
639105903,639079756,4395041,-0.6539903,-0.071259335,-0.5248996,3
639155901,639154756,4395041,-0.66829455,-0.08819616,-0.49294525,3
639255899,639229765,4395041,-0.6306695,-0.06267456,-0.4590506,3
639305904,639304756,4395041,-0.61800945,-0.07050127,-0.4324722,3
639405904,639379756,4395041,-0.61244327,-0.083680496,-0.42823744,3
639455899,639454756,4395041,-0.5928243,-0.06347331,-0.40837142,3
639555919,639529766,4395041,-0.60536766,-0.074651904,-0.39742792,3
639605905,639604758,4395041,-0.5710989,-0.071240805,-0.4007651,3
639705903,639679756,4395041,-0.601667,-0.08218522,-0.39530754,3
639755899,639754756,4395041,-0.58933634,-0.0523865,-0.3960882,3
639855899,639829756,4395041,-0.60717523,-0.07272905,-0.40148467,3
639905923,639904774,4395041,-0.6144554,-0.06709424,-0.3950055,3
640005903,639979756,4395041,-0.5909827,-0.0692852,-0.3854314,3
640055898,640054756,4395041,-0.5928839,-0.059832465,-0.39595088,3
640155899,640129756,4395041,-0.5729591,-0.071752615,-0.33391672,3
640205904,640204756,4395041,-0.51701653,-0.07228721,-0.34024146,3
640305903,640279765,4395041,-0.71549463,-0.0595482,-0.506094,3
640355898,640354756,4395041,-0.70491713,-0.02704772,-0.60920703,3
640455899,640429756,4395041,-0.72618425,-0.056060392,-0.69563156,3
640505903,640504756,4395041,-0.7083432,-0.0417765,-0.63388324,3
640605923,640579765,4395041,-0.69000626,-0.08016457,-0.53402877,3
640655899,640654756,4395041,-0.70054966,-0.114187755,-0.4748724,3
640755899,640729756,4395041,-0.5891533,-0.075213045,-0.34788308,3
640805902,640804756,4395041,-0.5134343,-0.07268724,-0.29440644,3
640905903,640879756,4395041,-0.572772,-0.08623712,-0.3943655,3
640955918,640954775,4395041,-0.57484066,-0.060180258,-0.37569043,3
641055899,641029756,4395041,-0.5691967,-0.09274671,-0.28591448,3
641105903,641104756,4395041,-0.4882566,-0.0738046,-0.18683267,3
641205903,641179756,4395041,-0.44309407,-0.08606571,-0.11540124,3
641255899,641254756,4395041,-0.41954792,-0.09370254,-0.12664606,3
641355899,641329765,4395041,-0.5062761,-0.06705103,-0.30733287,3
641405903,641404756,4395041,-0.5999374,-0.07455763,-0.4164153,3
641505904,641479756,4395041,-0.6287526,-0.07161592,-0.5134508,3
641555898,641554756,4395041,-0.6793973,-0.06190064,-0.49286172,3
641655919,641629765,4395041,-0.61421883,-0.08723996,-0.44915122,3
641705903,641704756,4395041,-0.64300805,-0.09646405,-0.42704067,3
641805903,641779758,4395041,-0.62166715,-0.06688896,-0.4114645,3
641855897,641854756,4395041,-0.63216865,-0.10044867,-0.41078493,3
641955899,641929756,4395041,-0.6055447,-0.055864073,-0.40803593,3
642005925,642004775,4395041,-0.61802876,-0.074542455,-0.3950011,3
642105903,642079756,4395041,-0.5855892,-0.06732184,-0.40453508,3
642155899,642154756,4395041,-0.61066574,-0.08577035,-0.4033838,3
642255900,642229756,4395041,-0.5711831,-0.063743144,-0.4029882,3
642305903,642304756,4395041,-0.581871,-0.07877862,-0.37942225,3
642405903,642379765,4395041,-0.5619638,-0.08649651,-0.37601244,3
642455898,642454756,4395041,-0.6323921,-0.065719336,-0.54467535,3
642555899,642529756,4395041,-0.70597696,-0.10414943,-0.55397975,3
642605903,642604756,4395041,-0.6575884,-0.06887302,-0.5854398,3
642705925,642679765,4395041,-0.5889714,-0.087694556,-0.4250487,3
642755899,642754756,4395041,-0.5996974,-0.10514669,-0.33259454,3
642855899,642829756,4395041,-0.54041445,-0.07562412,-0.3601409,3
642905903,642904756,4395041,-0.5389125,-0.053859886,-0.2769873,3
643005904,642979756,4395041,-0.5044711,-0.07731632,-0.19459781,3
643055917,643054774,4395041,-0.45940676,-0.0699949,-0.23398705,3
643155899,643129756,4395041,-0.5818703,-0.07672593,-0.40239537,3
643205903,643204756,4395041,-0.6393848,-0.0958763,-0.50680846,3
643305905,643279756,4395041,-0.60729396,-0.0591738,-0.46026558,3
643355899,643354756,4395041,-0.61074895,-0.078256264,-0.40769532,3
643455899,643429765,4395041,-0.60714364,-0.078276835,-0.40995255,3
643505903,643504756,4395041,-0.63198644,-0.119186796,-0.40643853,3
643605904,643579756,4395041,-0.5818386,-0.082339555,-0.40247858,3
643655898,643654756,4395041,-0.5960497,-0.10459001,-0.40799457,3
643755920,643729765,4395041,-0.587097,-0.0953591,-0.40410656,3
643805910,643804762,4395041,-0.614208,-0.093282044,-0.39483118,3
643905903,643879756,4395041,-0.5765311,-0.07118739,-0.40066263,3
643955899,643954756,4395041,-0.552998,-0.079005934,-0.3889153,3
644055900,644029756,4395041,-0.59251523,-0.101021096,-0.3915958,3
644105924,644104774,4395041,-0.55304307,-0.0752328,-0.39319,3
644205904,644179756,4395041,-0.57808787,-0.09553416,-0.39404342,3
644255898,644254756,4395041,-0.6103702,-0.11957563,-0.38650718,3
644355899,644329756,4395041,-0.5944731,-0.0803394,-0.40192223,3
644405903,644404756,4395041,-0.59604275,-0.10452373,-0.41634458,3
644505909,644479765,4395041,-0.5871123,-0.09334046,-0.42297658,3
644555899,644554756,4395041,-0.61763555,-0.11198359,-0.39034978,3
644655899,644629756,4395041,-0.58523357,-0.104766876,-0.40008378,3
644705904,644704756,4395041,-0.5747203,-0.07120513,-0.4006972,3
644805925,644779765,4395041,-0.59614575,-0.0933322,-0.4122009,3
644855899,644854756,4395041,-0.57110035,-0.07501782,-0.39675644,3
644955900,644929756,4395041,-0.5998291,-0.087800875,-0.3975436,3
645005903,645004756,4395041,-0.5889365,-0.09350485,-0.3999507,3
645105903,645079756,4395041,-0.60889804,-0.08391977,-0.40357006,3
645155922,645154773,4395041,-0.58188087,-0.07864821,-0.3962505,3
645255899,645229756,4395041,-0.6014792,-0.1046188,-0.3973881,3
645305903,645304756,4395041,-0.62124413,-0.111816205,-0.40698063,3
645405903,645379756,4395041,-0.6140146,-0.113842726,-0.396796,3
645455899,645454756,4395041,-0.6504099,-0.08162714,-0.401933,3
645555899,645529766,4395041,-0.5999752,-0.07281989,-0.39976844,3
645605903,645604756,4395041,-0.62881184,-0.078205995,-0.39032018,3
645705904,645679756,4395041,-0.6235248,-0.0670716,-0.38651618,3
645755899,645754756,4395041,-0.6181148,-0.0633175,-0.3949714,3
645855918,645829765,4395041,-0.61281556,-0.060261704,-0.31594205,3
645905904,645904756,4395041,-0.35559946,-0.36864296,0.02802267,3
646005903,645979756,4395041,-0.23249008,-0.08740062,0.48202148,3
646055898,646054756,4395041,-0.40363297,0.08240349,0.28432542,3
646155899,646129756,4395041,-0.40269417,0.17650853,0.20824791,3
646205924,646204774,4395041,-0.4489246,0.30154777,0.06685049,3
646305904,646279756,4395041,-0.5201585,0.41709483,-0.25929594,3
646355900,646354756,4395041,-0.5544218,0.8133997,-0.6605661,3
646455899,646429756,4395041,-0.7628088,0.4087615,-1.2456976,3
646505903,646504756,4395041,-1.2044955,0.25521368,-2.0542665,3
646605903,646579765,4395041,-1.0957714,0.19506243,-1.9225209,3
646655899,646654756,4395041,-1.0872802,0.05321497,-1.735289,3
646755900,646729756,4395041,-1.1297791,-0.016249396,-1.8813591,3
646805903,646804756,4395041,-0.9862142,0.04000935,-1.6181345,3
646905925,646879765,4395041,-0.85130644,0.10170771,-1.792732,3
646955900,646954756,4395041,-0.69882697,0.16675486,-1.4710262,3
647055899,647029756,4395041,-0.72589695,0.16530088,-1.4871402,3
647105904,647104757,4395041,-0.75275415,0.14906685,-1.5274997,3
647205903,647179756,4395041,-0.7018434,0.11102441,-1.5142064,3
647255918,647254774,4395041,-0.75569195,0.081797265,-1.5309204,3
647355899,647329756,4395041,-0.696123,0.07299777,-1.443209,3
647405903,647404756,4395041,-0.73406774,0.081246465,-1.4899806,3
647505904,647479756,4395041,-0.69625145,0.086175814,-1.4538729,3
647555899,647554756,4395041,-0.6801013,0.09153022,-1.4424423,3
647655899,647629766,4395041,-0.6908933,0.08974777,-1.4396079,3
647705903,647704756,4395041,-0.7197163,0.084784776,-1.482873,3
647805904,647779756,4395041,-0.70170504,0.088326655,-1.4814942,3
647855899,647854756,4395041,-0.69789666,0.06942854,-1.4622221,3
647955919,647929765,4395041,-0.72564095,0.07762526,-0.80983794,3
648005903,648004756,4395041,-0.26914,0.049043298,-0.40091679,3
648105904,648079756,4395041,-0.34683788,0.0613015,-0.429434,3
648155899,648154756,4395041,-0.24009681,0.03398626,-0.4269822,3
648255900,648229756,4395041,-0.23485906,0.05266901,-0.4314631,3
648305924,648304774,4395041,-0.22579381,0.048869666,-0.43594182,3
648405905,648379756,4395041,-0.2330576,0.05261765,-0.42735496,3
648455899,648454756,4395041,-0.23305918,0.052652378,-0.4316004,3
648555899,648529756,4395041,-0.22935563,0.04324551,-0.42952645,3
648605904,648604756,4395041,-0.22930065,0.037650928,-0.43159783,3
648705903,648679765,4395041,-0.23473008,0.03954129,-0.4271322,3
648755899,648754756,4395041,-0.23294123,0.041392874,-0.4271826,3
648855899,648829756,4395041,-0.23109645,0.037683867,-0.4335131,3
648905905,648904756,4395041,-0.23291408,0.037654344,-0.42728662,3
649005926,648979765,4395041,-0.2493038,0.052765626,-0.42465958,3
649055899,649054757,4395041,-0.24016085,0.041466,-0.42691258,3
649155899,649129756,4395041,-0.24747856,0.050893344,-0.4267977,3
649205903,649204756,4395041,-0.2438449,0.048984706,-0.42684636,3
649305904,649279756,4395041,-0.22207421,0.03759309,-0.43388587,3
649355918,649354774,4395041,-0.2256404,0.033903882,-0.43573385,3
649455900,649429756,4395041,-0.22566456,0.03579287,-0.43794447,3
649505903,649504756,4395041,-0.21849854,0.04127975,-0.4318977,3
649605903,649579756,4395041,-0.21848588,0.039445024,-0.43619633,3
649655899,649654756,4395041,-0.21843486,0.03383436,-0.43621516,3
649755899,649729766,4395041,-0.21131942,0.044982933,-0.43648273,3
649805903,649804756,4395041,-0.2148156,0.033795387,-0.43620926,3
649905904,649879756,4395041,-0.21308325,0.041276053,-0.43843374,3
649955899,649954756,4395041,-0.21124634,0.037466817,-0.43220314,3
650055918,650029765,4395041,-0.20949763,0.043077506,-0.43444526,3
650105904,650104756,4395041,-0.2113217,0.04498369,-0.43651798,3
650205903,650179756,4395041,-0.20952246,0.044933,-0.4324442,3
650255897,650254756,4395041,-0.20406371,0.04113483,-0.43250757,3
650355899,650329756,4395041,-0.20589119,0.043007832,-0.43040437,3
650405924,650404774,4395041,-0.20417513,0.052358266,-0.43261078,3
650505903,650479756,4395041,-0.20589036,0.043058977,-0.43673855,3
650555899,650554756,4395041,-0.2004953,0.044840842,-0.4327468,3
650655899,650629756,4395041,-0.20771296,0.044913262,-0.43244278,3
650705904,650704756,4395041,-0.20409392,0.04494227,-0.44089317,3
650805904,650779766,4395041,-0.20227781,0.04300441,-0.43471497,3
650855899,650854756,4395041,-0.2076736,0.041171398,-0.43237257,3
650955900,650929756,4395041,-0.20410085,0.044875987,-0.43254197,3
651005904,651004756,4395041,-0.2004495,0.041096926,-0.4325728,3
651105925,651079765,4395041,-0.20224068,0.039263226,-0.43468094,3
651155899,651154756,4395041,-0.20406371,0.04113483,-0.43250757,3
651255900,651229756,4395041,-0.20410353,0.044893984,-0.4346999,3
651305904,651304756,4395041,-0.20410964,0.044878818,-0.4326817,3
651405903,651379756,4395041,-0.20773032,0.046817735,-0.43667018,3
651455920,651454775,4395041,-0.20052464,0.048613705,-0.436887,3
651555899,651529756,4395041,-0.20586866,0.041153114,-0.43244007,3
651605903,651604756,4395041,-0.20775336,0.04868984,-0.43675786,3
651705904,651679756,4395041,-0.2058896,0.043024436,-0.43249133,3
651755899,651754756,4395041,-0.2005031,0.0448091,-0.42863992,3
651855899,651829765,4395041,-0.20590098,0.04304506,-0.4347911,3
651905903,651904756,4395041,-0.20410179,0.044910558,-0.43678802,3
652005903,651979756,4395041,-0.20408228,0.043005407,-0.4325248,3
652055899,652054756,4395041,-0.20774788,0.04865369,-0.43244135,3
652155919,652129765,4395041,-0.20590183,0.044910125,-0.43452707,3
652205903,652204756,4395041,-0.20045036,0.04113141,-0.43681818,3
652305904,652279756,4395041,-0.20587355,0.041171685,-0.43463323,3
652355900,652354757,4395041,-0.20771968,0.04491539,-0.43254668,3
652455900,652429756,4395041,-0.20406464,0.04116933,-0.43675363,3
652505925,652504775,4395041,-0.2041424,0.048618626,-0.43264621,3
652605904,652579756,4395041,-0.2076927,0.043059222,-0.43451247,3
652655899,652654756,4395041,-0.20414333,0.048653275,-0.4368929,3
652755900,652729756,4395041,-0.20591244,0.04489636,-0.43257925,3
652805903,652804756,4395041,-0.20413893,0.048651773,-0.4368224,3
652905908,652879765,4395041,-0.20592266,0.04678145,-0.4345792,3
652955901,652954757,4395041,-0.1969233,0.048580136,-0.43716294,3
653055901,653029757,4395041,-0.2022951,0.044908848,-0.43894362,3
653105906,653104757,4395041,-0.20410086,0.04487598,-0.43254197,3
653205929,653179767,4395041,-0.20594566,0.048653483,-0.4346668,3
653255901,653254757,4395041,-0.2077489,0.04868834,-0.43668738,3
653355901,653329757,4395041,-0.20409787,0.044926416,-0.4388409,3
653405907,653404757,4395041,-0.2005281,0.04858056,-0.43271142,3
653505909,653479757,4395041,-0.20590058,0.04494398,-0.43873787,3
653555923,653554777,4395041,-0.20406024,0.04116798,-0.43668315,3
653655905,653629757,4395041,-0.20586294,0.04118563,-0.43658048,3
653705905,653704757,4395041,-0.20409392,0.04494227,-0.44089317,3
653805907,653779757,4395041,-0.20412037,0.046781167,-0.43680522,3
653855905,653854757,4395041,-0.20409738,0.044909127,-0.43671757,3
