timestamp,timestamp_sample,position[0],position[1],position[2],q[0],q[1],q[2],q[3],velocity[0],velocity[1],velocity[2],angular_velocity[0],angular_velocity[1],angular_velocity[2],position_variance[0],position_variance[1],position_variance[2],orientation_variance[0],orientation_variance[1],orientation_variance[2],velocity_variance[0],velocity_variance[1],velocity_variance[2],pose_frame,velocity_frame,reset_counter,quality
630483125,630466082,0.25282466,2.809181,-0.74097216,0.7136143,-0.004553849,-0.002181841,0.70052063,nan,nan,nan,nan,nan,nan,0.0,0.0,0.0,0.0,0.0,0.0,nan,nan,nan,1,0,0,0
630606927,630566065,0.25291649,2.8120375,-0.743523,0.7130342,-0.006348793,-0.0014001186,0.70109904,nan,nan,nan,nan,nan,nan,0.0,0.0,0.0,0.0,0.0,0.0,nan,nan,nan,1,0,0,0
631475226,630666016,0.24929848,2.812729,-0.7440158,0.71297973,-0.0064023123,-0.0020244261,0.7011525,nan,nan,nan,nan,nan,nan,0.0,0.0,0.0,0.0,0.0,0.0,nan,nan,nan,1,0,0,0
631489827,630766034,0.24622677,2.8112252,-0.7437158,0.7123934,-0.005989755,-0.0031109143,0.7017479,nan,nan,nan,nan,nan,nan,0.0,0.0,0.0,0.0,0.0,0.0,nan,nan,nan,1,0,0,0
631504581,630866075,0.24495102,2.8122523,-0.74183404,0.7128456,-0.0059612337,-0.0006801674,0.70129526,nan,nan,nan,nan,nan,nan,0.0,0.0,0.0,0.0,0.0,0.0,nan,nan,nan,1,0,0,0
631531232,631066032,0.2480203,2.8109248,-0.7435943,0.7128905,-0.0064396714,-0.0016246927,0.70124394,nan,nan,nan,nan,nan,nan,0.0,0.0,0.0,0.0,0.0,0.0,nan,nan,nan,1,0,0,0
631559660,631266030,0.2530977,2.8111908,-0.7427754,0.713527,-0.0061687045,-0.0014417033,0.700599,nan,nan,nan,nan,nan,nan,0.0,0.0,0.0,0.0,0.0,0.0,nan,nan,nan,1,0,0,0
631590011,631466112,0.2557381,2.8100395,-0.7418465,0.713782,-0.0064699827,-0.0016898103,0.70033604,nan,nan,nan,nan,nan,nan,0.0,0.0,0.0,0.0,0.0,0.0,nan,nan,nan,1,0,0,0
631607370,631566103,0.2530169,2.8081508,-0.7421002,0.7139348,-0.0049161287,-0.0010466673,0.7001942,nan,nan,nan,nan,nan,nan,0.0,0.0,0.0,0.0,0.0,0.0,nan,nan,nan,1,0,0,0
631684105,631666133,0.2508044,2.8088472,-0.7430328,0.712826,-0.0060049263,-0.001257877,0.70131403,nan,nan,nan,nan,nan,nan,0.0,0.0,0.0,0.0,0.0,0.0,nan,nan,nan,1,0,0,0
631784237,631765970,0.250088,2.8099298,-0.7462255,0.7128058,-0.005737647,-0.0020646222,0.7013349,nan,nan,nan,nan,nan,nan,0.0,0.0,0.0,0.0,0.0,0.0,nan,nan,nan,1,0,0,0
631915477,631866073,0.24946429,2.8105378,-0.74384904,0.7136433,-0.005902002,-0.0019324173,0.7004817,nan,nan,nan,nan,nan,nan,0.0,0.0,0.0,0.0,0.0,0.0,nan,nan,nan,1,0,0,0
631996972,631965949,0.24922189,2.8096933,-0.7420722,0.7128063,-0.005473689,-0.0019834498,0.70133686,nan,nan,nan,nan,nan,nan,0.0,0.0,0.0,0.0,0.0,0.0,nan,nan,nan,1,0,0,0
632103724,632066117,0.24717896,2.8098934,-0.743551,0.7128838,-0.0056960625,-0.0018171191,0.7012567,nan,nan,nan,nan,nan,nan,0.0,0.0,0.0,0.0,0.0,0.0,nan,nan,nan,1,0,0,0
632207667,632166062,0.24799277,2.8111837,-0.74131733,0.71288306,-0.0056080814,-0.0016920663,0.70125854,nan,nan,nan,nan,nan,nan,0.0,0.0,0.0,0.0,0.0,0.0,nan,nan,nan,1,0,0,0
632307761,632265926,0.24781065,2.809876,-0.7403634,0.7131261,-0.0055519347,-0.0019711952,0.701011,nan,nan,nan,nan,nan,nan,0.0,0.0,0.0,0.0,0.0,0.0,nan,nan,nan,1,0,0,0
632405513,632366025,0.24820334,2.806722,-0.740699,0.7131351,-0.005779973,-0.001659811,0.70100087,nan,nan,nan,nan,nan,nan,0.0,0.0,0.0,0.0,0.0,0.0,nan,nan,nan,1,0,0,0
632505207,632465999,0.24903886,2.8068168,-0.7404624,0.7126325,-0.006594346,-0.0021495514,0.70150334,nan,nan,nan,nan,nan,nan,0.0,0.0,0.0,0.0,0.0,0.0,nan,nan,nan,1,0,0,0
632606855,632566095,0.25150043,2.8078635,-0.741728,0.713036,-0.0052009947,-0.0008428151,0.70110756,nan,nan,nan,nan,nan,nan,0.0,0.0,0.0,0.0,0.0,0.0,nan,nan,nan,1,0,0,0
632684492,632666269,0.24964385,2.8105936,-0.7410379,0.71374416,-0.006064861,-0.0010227422,0.70037943,nan,nan,nan,nan,nan,nan,0.0,0.0,0.0,0.0,0.0,0.0,nan,nan,nan,1,0,0,0
632811748,632766106,0.24715194,2.8096955,-0.74229753,0.71292454,-0.005936442,-0.0023650099,0.70121175,nan,nan,nan,nan,nan,nan,0.0,0.0,0.0,0.0,0.0,0.0,nan,nan,nan,1,0,0,0
632883703,632866065,0.24574599,2.8120885,-0.743407,0.71262527,-0.0058678887,-0.0018715581,0.7015179,nan,nan,nan,nan,nan,nan,0.0,0.0,0.0,0.0,0.0,0.0,nan,nan,nan,1,0,0,0
633007629,632966083,0.24493536,2.8131433,-0.74164164,0.7131467,-0.005976807,-0.0014797316,0.7009879,nan,nan,nan,nan,nan,nan,0.0,0.0,0.0,0.0,0.0,0.0,nan,nan,nan,1,0,0,0
633106616,633066019,0.24543314,2.8116195,-0.7434047,0.71312267,-0.005820062,-0.0015735576,0.7010134,nan,nan,nan,nan,nan,nan,0.0,0.0,0.0,0.0,0.0,0.0,nan,nan,nan,1,0,0,0
633207664,633165902,0.246231,2.8103504,-0.7422041,0.71277755,-0.00733215,-0.003372885,0.70134366,nan,nan,nan,nan,nan,nan,0.0,0.0,0.0,0.0,0.0,0.0,nan,nan,nan,1,0,0,0
633313969,633265955,0.24931295,2.8096254,-0.74252945,0.71318,-0.0046097916,-0.0020630034,0.7009627,nan,nan,nan,nan,nan,nan,0.0,0.0,0.0,0.0,0.0,0.0,nan,nan,nan,1,0,0,0
633412633,633366084,0.25024003,2.8104913,-0.74256456,0.71304756,-0.005837418,-0.0010750365,0.7010905,nan,nan,nan,nan,nan,nan,0.0,0.0,0.0,0.0,0.0,0.0,nan,nan,nan,1,0,0,0
633484964,633465953,0.24864963,2.8099551,-0.74206287,0.71355265,-0.006126868,-0.0022752788,0.70057106,nan,nan,nan,nan,nan,nan,0.0,0.0,0.0,0.0,0.0,0.0,nan,nan,nan,1,0,0,0
633589352,633565990,0.24952707,2.8101952,-0.73913926,0.71308786,-0.006054026,-0.0012570481,0.70104736,nan,nan,nan,nan,nan,nan,0.0,0.0,0.0,0.0,0.0,0.0,nan,nan,nan,1,0,0,0
633712654,633666019,0.24899977,2.8107045,-0.73873436,0.71278507,-0.0062770946,-0.0019483577,0.7013518,nan,nan,nan,nan,nan,nan,0.0,0.0,0.0,0.0,0.0,0.0,nan,nan,nan,1,0,0,0
633783730,633766463,0.2499009,2.8086584,-0.74007803,0.7138316,-0.0060285353,-0.001817446,0.700289,nan,nan,nan,nan,nan,nan,0.0,0.0,0.0,0.0,0.0,0.0,nan,nan,nan,1,0,0,0
633883544,633866521,0.2508809,2.8081672,-0.7386181,0.71356887,-0.0061240015,-0.0011330243,0.70055735,nan,nan,nan,nan,nan,nan,0.0,0.0,0.0,0.0,0.0,0.0,nan,nan,nan,1,0,0,0
634009075,633965958,0.2486524,2.807847,-0.73903406,0.7132267,-0.0057224045,-0.0025887121,0.7009053,nan,nan,nan,nan,nan,nan,0.0,0.0,0.0,0.0,0.0,0.0,nan,nan,nan,1,0,0,0
634084120,634065889,0.24789014,2.8074276,-0.73816717,0.7129147,-0.005581299,-0.0008112557,0.701228,nan,nan,nan,nan,nan,nan,0.0,0.0,0.0,0.0,0.0,0.0,nan,nan,nan,1,0,0,0
634183540,634166010,0.24780795,2.8101804,-0.73846066,0.7127719,-0.00601741,-0.0016442781,0.70136815,nan,nan,nan,nan,nan,nan,0.0,0.0,0.0,0.0,0.0,0.0,nan,nan,nan,1,0,0,0
634284418,634266029,0.24984348,2.813574,-0.7391587,0.7127881,-0.0071343486,-0.0014629128,0.7013416,nan,nan,nan,nan,nan,nan,0.0,0.0,0.0,0.0,0.0,0.0,nan,nan,nan,1,0,0,0
634407230,634365955,0.25107735,2.8152778,-0.7375212,0.7133172,-0.0054825526,-0.00019131786,0.70081985,nan,nan,nan,nan,nan,nan,0.0,0.0,0.0,0.0,0.0,0.0,nan,nan,nan,1,0,0,0
634483604,634465782,0.2499645,2.8129725,-0.7395699,0.71275455,-0.005938929,-0.0015863279,0.70138663,nan,nan,nan,nan,nan,nan,0.0,0.0,0.0,0.0,0.0,0.0,nan,nan,nan,1,0,0,0
634607125,634565944,0.2487318,2.81394,-0.7408941,0.713377,-0.005719472,-0.0022280635,0.7007536,nan,nan,nan,nan,nan,nan,0.0,0.0,0.0,0.0,0.0,0.0,nan,nan,nan,1,0,0,0
634705954,634666048,0.24723028,2.8131044,-0.73988706,0.7128356,-0.0060178163,-0.0021405225,0.7013021,nan,nan,nan,nan,nan,nan,0.0,0.0,0.0,0.0,0.0,0.0,nan,nan,nan,1,0,0,0
634806602,634765960,0.24825211,2.8098762,-0.74104697,0.7128265,-0.005025346,-0.0021970028,0.701319,nan,nan,nan,nan,nan,nan,0.0,0.0,0.0,0.0,0.0,0.0,nan,nan,nan,1,0,0,0
634901753,634865838,0.2478381,2.8092756,-0.7411238,0.7135771,-0.005989757,-0.0015069065,0.7005495,nan,nan,nan,nan,nan,nan,0.0,0.0,0.0,0.0,0.0,0.0,nan,nan,nan,1,0,0,0
635010024,634965962,0.24779528,2.8093262,-0.7413655,0.71378905,-0.00541742,-0.0024196329,0.7003356,nan,nan,nan,nan,nan,nan,0.0,0.0,0.0,0.0,0.0,0.0,nan,nan,nan,1,0,0,0
635096212,635065902,0.24787857,2.8073828,-0.74210393,0.7125979,-0.005127716,-0.001951682,0.70155114,nan,nan,nan,nan,nan,nan,0.0,0.0,0.0,0.0,0.0,0.0,nan,nan,nan,1,0,0,0
635182705,635165986,0.25037527,2.8075786,-0.74394935,0.7133087,-0.007249617,-0.0034519746,0.700804,nan,nan,nan,nan,nan,nan,0.0,0.0,0.0,0.0,0.0,0.0,nan,nan,nan,1,0,0,0
635281949,635265858,0.25219882,2.8070896,-0.74484885,0.71246487,-0.007907395,-0.0055222716,0.7016414,nan,nan,nan,nan,nan,nan,0.0,0.0,0.0,0.0,0.0,0.0,nan,nan,nan,1,0,0,0
635383678,635365980,0.2569095,2.8103867,-0.74837965,0.71132123,-0.01195412,-0.008752365,0.70271087,nan,nan,nan,nan,nan,nan,0.0,0.0,0.0,0.0,0.0,0.0,nan,nan,nan,1,0,0,0
635507100,635465823,0.26271906,2.8108401,-0.7461416,0.7089412,-0.01044175,-0.0037455573,0.70518035,nan,nan,nan,nan,nan,nan,0.0,0.0,0.0,0.0,0.0,0.0,nan,nan,nan,1,0,0,0
635601918,635565986,0.2618507,2.8115327,-0.7520835,0.7092072,-0.014016211,-0.009160089,0.7048013,nan,nan,nan,nan,nan,nan,0.0,0.0,0.0,0.0,0.0,0.0,nan,nan,nan,1,0,0,0
635706782,635665919,0.26078558,2.8129947,-0.7542411,0.7077853,-0.013883514,-0.007978044,0.70624614,nan,nan,nan,nan,nan,nan,0.0,0.0,0.0,0.0,0.0,0.0,nan,nan,nan,1,0,0,0
635804250,635765830,0.2645406,2.8123078,-0.757029,0.70454746,-0.016330205,-0.01725116,0.70925915,nan,nan,nan,nan,nan,nan,0.0,0.0,0.0,0.0,0.0,0.0,nan,nan,nan,1,0,0,0
635905410,635865935,0.27114812,2.8140635,-0.75449127,0.70133114,-0.013636276,-0.010428952,0.7126289,nan,nan,nan,nan,nan,nan,0.0,0.0,0.0,0.0,0.0,0.0,nan,nan,nan,1,0,0,0
636002332,635966386,0.26745972,2.8101673,-0.75143105,0.6961867,-0.01104358,-0.0064170873,0.71774715,nan,nan,nan,nan,nan,nan,0.0,0.0,0.0,0.0,0.0,0.0,nan,nan,nan,1,0,0,0
636106610,636065827,0.2674675,2.8096764,-0.74814534,0.6924592,-0.008118066,-0.0012509514,0.7214103,nan,nan,nan,nan,nan,nan,0.0,0.0,0.0,0.0,0.0,0.0,nan,nan,nan,1,0,0,0
636210032,636165986,0.2638361,2.8104203,-0.7457215,0.6936128,-0.005087749,-0.0005729101,0.7203298,nan,nan,nan,nan,nan,nan,0.0,0.0,0.0,0.0,0.0,0.0,nan,nan,nan,1,0,0,0
636304282,636265985,0.26189172,2.8080482,-0.74639386,0.6962107,-0.0028546127,0.0017445792,0.71782976,nan,nan,nan,nan,nan,nan,0.0,0.0,0.0,0.0,0.0,0.0,nan,nan,nan,1,0,0,0
636400650,636365944,0.25823018,2.8092935,-0.74452883,0.6980015,-0.0047713355,-0.0001130621,0.7160804,nan,nan,nan,nan,nan,nan,0.0,0.0,0.0,0.0,0.0,0.0,nan,nan,nan,1,0,0,0
636501755,636465836,0.25975165,2.8079138,-0.7447325,0.7001705,-0.0071361945,-0.0050436202,0.71392214,nan,nan,nan,nan,nan,nan,0.0,0.0,0.0,0.0,0.0,0.0,nan,nan,nan,1,0,0,0
636603544,636565978,0.26446438,2.80751,-0.74752414,0.7027946,-0.009907909,-0.008978315,0.7112671,nan,nan,nan,nan,nan,nan,0.0,0.0,0.0,0.0,0.0,0.0,nan,nan,nan,1,0,0,0
636706130,636665923,0.27000996,2.8090572,-0.75315404,0.7073941,-0.007984581,-0.011709595,0.70667714,nan,nan,nan,nan,nan,nan,0.0,0.0,0.0,0.0,0.0,0.0,nan,nan,nan,1,0,0,0
636783270,636765935,0.27949417,2.809734,-0.76414734,0.71269065,-0.004347018,-0.01619878,0.7012779,nan,nan,nan,nan,nan,nan,0.0,0.0,0.0,0.0,0.0,0.0,nan,nan,nan,1,0,0,0
636921752,636865924,0.2905707,2.8105326,-0.7868031,0.71819586,-0.00058533845,-0.016127763,0.69565386,nan,nan,nan,nan,nan,nan,0.0,0.0,0.0,0.0,0.0,0.0,nan,nan,nan,1,0,0,0
636992385,636966025,0.2992213,2.8135839,-0.804562,0.72369945,0.00046053488,-0.0045837243,0.6900999,nan,nan,nan,nan,nan,nan,0.0,0.0,0.0,0.0,0.0,0.0,nan,nan,nan,1,0,0,0
637085935,637065795,0.3096493,2.8162887,-0.82229173,0.7244412,-0.005692076,-0.005100636,0.6892943,nan,nan,nan,nan,nan,nan,0.0,0.0,0.0,0.0,0.0,0.0,nan,nan,nan,1,0,0,0
637184271,637165809,0.32167757,2.8214803,-0.83586127,0.72564393,-0.0026174302,0.008252479,0.68801594,nan,nan,nan,nan,nan,nan,0.0,0.0,0.0,0.0,0.0,0.0,nan,nan,nan,1,0,0,0
637283250,637265867,0.33149886,2.8245533,-0.84363484,0.72534484,-0.0014775778,0.014835614,0.6882242,nan,nan,nan,nan,nan,nan,0.0,0.0,0.0,0.0,0.0,0.0,nan,nan,nan,1,0,0,0
637382227,637365787,0.33753687,2.8256602,-0.84988344,0.72329205,-0.001694665,0.013194299,0.6904141,nan,nan,nan,nan,nan,nan,0.0,0.0,0.0,0.0,0.0,0.0,nan,nan,nan,1,0,0,0
637507778,637465748,0.33969367,2.8236053,-0.8543202,0.721367,0.0016743084,0.013704526,0.6924154,nan,nan,nan,nan,nan,nan,0.0,0.0,0.0,0.0,0.0,0.0,nan,nan,nan,1,0,0,0
637605521,637565909,0.3404027,2.8201878,-0.8603531,0.71941185,0.0034688388,0.009716103,0.6945071,nan,nan,nan,nan,nan,nan,0.0,0.0,0.0,0.0,0.0,0.0,nan,nan,nan,1,0,0,0
637683065,637665852,0.3354086,2.8183506,-0.8688778,0.71744883,0.0031285582,0.006917805,0.6965698,nan,nan,nan,nan,nan,nan,0.0,0.0,0.0,0.0,0.0,0.0,nan,nan,nan,1,0,0,0
637804227,637765750,0.33478707,2.814747,-0.8804169,0.71603066,0.0049698404,0.005925102,0.69802594,nan,nan,nan,nan,nan,nan,0.0,0.0,0.0,0.0,0.0,0.0,nan,nan,nan,1,0,0,0
637884108,637865787,0.3263518,2.8125396,-0.8936056,0.7162688,0.004950193,0.0043998295,0.697793,nan,nan,nan,nan,nan,nan,0.0,0.0,0.0,0.0,0.0,0.0,nan,nan,nan,1,0,0,0
638006593,637965834,0.3179228,2.8086705,-0.90784585,0.7166177,0.0048386273,0.002433534,0.69744515,nan,nan,nan,nan,nan,nan,0.0,0.0,0.0,0.0,0.0,0.0,nan,nan,nan,1,0,0,0
638118933,638065756,0.3108791,2.8006558,-0.92282647,0.7180468,0.003070403,0.0008808137,0.69598746,nan,nan,nan,nan,nan,nan,0.0,0.0,0.0,0.0,0.0,0.0,nan,nan,nan,1,0,0,0
638203108,638165776,0.3014309,2.7928896,-0.94004905,0.7204144,0.0036117416,-0.0012454855,0.69353336,nan,nan,nan,nan,nan,nan,0.0,0.0,0.0,0.0,0.0,0.0,nan,nan,nan,1,0,0,0
638302720,638265840,0.2926287,2.7807426,-0.9587034,0.72127086,0.0019205163,-0.0019956979,0.69264764,nan,nan,nan,nan,nan,nan,0.0,0.0,0.0,0.0,0.0,0.0,nan,nan,nan,1,0,0,0
638412778,638365750,0.28516242,2.7696233,-0.97725415,0.7225524,0.0015687352,-0.0030498356,0.6913076,nan,nan,nan,nan,nan,nan,0.0,0.0,0.0,0.0,0.0,0.0,nan,nan,nan,1,0,0,0
638500901,638465862,0.28081438,2.7614393,-1.0018406,0.7235815,0.00033912377,-0.0039993967,0.69022727,nan,nan,nan,nan,nan,nan,0.0,0.0,0.0,0.0,0.0,0.0,nan,nan,nan,1,0,0,0
638606651,638565861,0.27924886,2.7572021,-1.0262265,0.72517294,-0.00093436113,-0.0036504597,0.6885565,nan,nan,nan,nan,nan,nan,0.0,0.0,0.0,0.0,0.0,0.0,nan,nan,nan,1,0,0,0
638706592,638665800,0.27723822,2.7565954,-1.0400999,0.72522426,-0.003077823,-0.0035380563,0.6884967,nan,nan,nan,nan,nan,nan,0.0,0.0,0.0,0.0,0.0,0.0,nan,nan,nan,1,0,0,0
638807220,638765728,0.27478528,2.7594793,-1.0383378,0.7254536,-0.0023582163,-0.00260174,0.68826205,nan,nan,nan,nan,nan,nan,0.0,0.0,0.0,0.0,0.0,0.0,nan,nan,nan,1,0,0,0
638886222,638866381,0.27218273,2.7649264,-1.0198332,0.72434163,-0.00073030737,-0.0013941496,0.6894394,nan,nan,nan,nan,nan,nan,0.0,0.0,0.0,0.0,0.0,0.0,nan,nan,nan,1,0,0,0
639007366,638965759,0.26918313,2.7696254,-0.99215204,0.7229762,0.0013615228,-0.0025672955,0.69086677,nan,nan,nan,nan,nan,nan,0.0,0.0,0.0,0.0,0.0,0.0,nan,nan,nan,1,0,0,0
639082475,639065713,0.26773378,2.7792284,-0.9534467,0.7212949,0.002102633,-0.003021005,0.6926183,nan,nan,nan,nan,nan,nan,0.0,0.0,0.0,0.0,0.0,0.0,nan,nan,nan,1,0,0,0
639217686,639165727,0.26780367,2.7899241,-0.9185006,0.71964806,0.0025336454,-0.0030769412,0.6943276,nan,nan,nan,nan,nan,nan,0.0,0.0,0.0,0.0,0.0,0.0,nan,nan,nan,1,0,0,0
639299600,639265783,0.2636554,2.7985137,-0.8993685,0.7175132,0.002319848,-0.0027704032,0.69653547,nan,nan,nan,nan,nan,nan,0.0,0.0,0.0,0.0,0.0,0.0,nan,nan,nan,1,0,0,0
639404488,639365715,0.26108748,2.8075318,-0.8827933,0.71540177,0.0011356109,-0.0018897824,0.6987098,nan,nan,nan,nan,nan,nan,0.0,0.0,0.0,0.0,0.0,0.0,nan,nan,nan,1,0,0,0
639509014,639465843,0.25934672,2.8145275,-0.87412894,0.7151473,0.0028918423,-0.0015820687,0.698966,nan,nan,nan,nan,nan,nan,0.0,0.0,0.0,0.0,0.0,0.0,nan,nan,nan,1,0,0,0
639602650,639565775,0.25797895,2.8217304,-0.8734048,0.71327007,0.0025340824,-0.00012903308,0.70088476,nan,nan,nan,nan,nan,nan,0.0,0.0,0.0,0.0,0.0,0.0,nan,nan,nan,1,0,0,0
639683912,639665901,0.2582838,2.8261056,-0.87594867,0.71235985,-0.00049066596,0.0009790371,0.7018136,nan,nan,nan,nan,nan,nan,0.0,0.0,0.0,0.0,0.0,0.0,nan,nan,nan,1,0,0,0
639808249,639765912,0.25929558,2.8280182,-0.8752175,0.71248204,-0.0018068299,0.0028805237,0.70168215,nan,nan,nan,nan,nan,nan,0.0,0.0,0.0,0.0,0.0,0.0,nan,nan,nan,1,0,0,0
639894503,639865815,0.2572045,2.8293068,-0.8776917,0.71290326,-0.0038019817,0.004054995,0.7012404,nan,nan,nan,nan,nan,nan,0.0,0.0,0.0,0.0,0.0,0.0,nan,nan,nan,1,0,0,0
639983541,639965707,0.26100808,2.831073,-0.882198,0.71290684,-0.0019477609,0.0054095075,0.7012352,nan,nan,nan,nan,nan,nan,0.0,0.0,0.0,0.0,0.0,0.0,nan,nan,nan,1,0,0,0
640083156,640065793,0.26178417,2.8346453,-0.88204074,0.7129343,-0.004630275,0.0042754603,0.7012025,nan,nan,nan,nan,nan,nan,0.0,0.0,0.0,0.0,0.0,0.0,nan,nan,nan,1,0,0,0
640209029,640165662,0.26961473,2.836546,-0.8845026,0.71351427,-0.0049830666,0.005004695,0.7006051,nan,nan,nan,nan,nan,nan,0.0,0.0,0.0,0.0,0.0,0.0,nan,nan,nan,1,0,0,0
640308260,640265706,0.2680373,2.8401668,-0.8837243,0.7130576,-0.007120737,0.0053190924,0.7010492,nan,nan,nan,nan,nan,nan,0.0,0.0,0.0,0.0,0.0,0.0,nan,nan,nan,1,0,0,0
640383085,640365741,0.27169716,2.8393674,-0.88024086,0.71413994,-0.007347372,0.0008347221,0.699964,nan,nan,nan,nan,nan,nan,0.0,0.0,0.0,0.0,0.0,0.0,nan,nan,nan,1,0,0,0
640503012,640465742,0.27543882,2.8374622,-0.88997567,0.7136187,-0.007021873,0.00476459,0.7004829,nan,nan,nan,nan,nan,nan,0.0,0.0,0.0,0.0,0.0,0.0,nan,nan,nan,1,0,0,0
640584179,640565691,0.2794476,2.8278477,-0.9177049,0.71373475,-0.0049836948,0.0043121553,0.70038515,nan,nan,nan,nan,nan,nan,0.0,0.0,0.0,0.0,0.0,0.0,nan,nan,nan,1,0,0,0
640713053,640665930,0.28382155,2.81097,-0.96150494,0.7123669,-0.0027490645,0.006997615,0.70176697,nan,nan,nan,nan,nan,nan,0.0,0.0,0.0,0.0,0.0,0.0,nan,nan,nan,1,0,0,0
640795904,640765802,0.29110682,2.7945743,-1.010206,0.7128397,-0.002640085,0.00947549,0.701258,nan,nan,nan,nan,nan,nan,0.0,0.0,0.0,0.0,0.0,0.0,nan,nan,nan,1,0,0,0
641220583,640865777,0.2974389,2.7795794,-1.0561827,0.7114783,-0.0042639575,0.007910547,0.7026506,nan,nan,nan,nan,nan,nan,0.0,0.0,0.0,0.0,0.0,0.0,nan,nan,nan,1,0,0,0
641259134,640965701,0.30611613,2.7628484,-1.0966944,0.7120638,-0.0036243354,0.006118665,0.7020787,nan,nan,nan,nan,nan,nan,0.0,0.0,0.0,0.0,0.0,0.0,nan,nan,nan,1,0,0,0
641274130,641065690,0.3156268,2.7453911,-1.1363082,0.71282464,-0.0010557363,0.0059292694,0.7013164,nan,nan,nan,nan,nan,nan,0.0,0.0,0.0,0.0,0.0,0.0,nan,nan,nan,1,0,0,0
641287107,641165807,0.32523635,2.7284312,-1.1627517,0.71397024,0.0017841314,0.006330865,0.7001451,nan,nan,nan,nan,nan,nan,0.0,0.0,0.0,0.0,0.0,0.0,nan,nan,nan,1,0,0,0
641304028,641265866,0.33202997,2.7208233,-1.1644961,0.7145611,0.0007942039,0.006569563,0.6995417,nan,nan,nan,nan,nan,nan,0.0,0.0,0.0,0.0,0.0,0.0,nan,nan,nan,1,0,0,0
641387023,641365698,0.33794114,2.7185843,-1.147387,0.7148231,0.0006663017,0.0083247125,0.69925547,nan,nan,nan,nan,nan,nan,0.0,0.0,0.0,0.0,0.0,0.0,nan,nan,nan,1,0,0,0
641482299,641465791,0.34402692,2.7200181,-1.123608,0.7142984,0.0032201097,0.0057309815,0.6998104,nan,nan,nan,nan,nan,nan,0.0,0.0,0.0,0.0,0.0,0.0,nan,nan,nan,1,0,0,0
641604084,641565673,0.34853226,2.720379,-1.1022977,0.7140061,0.005496666,0.0060687014,0.7000916,nan,nan,nan,nan,nan,nan,0.0,0.0,0.0,0.0,0.0,0.0,nan,nan,nan,1,0,0,0
641706597,641665810,0.35089585,2.7136214,-1.0896271,0.7132393,0.004917097,0.0028905636,0.70089734,nan,nan,nan,nan,nan,nan,0.0,0.0,0.0,0.0,0.0,0.0,nan,nan,nan,1,0,0,0
641803896,641765793,0.3529093,2.7121673,-1.0803266,0.71243095,0.0071141217,0.001814291,0.70170385,nan,nan,nan,nan,nan,nan,0.0,0.0,0.0,0.0,0.0,0.0,nan,nan,nan,1,0,0,0
641881908,641865702,0.35656253,2.712331,-1.0743985,0.7127767,0.0062880227,0.002118169,0.70135957,nan,nan,nan,nan,nan,nan,0.0,0.0,0.0,0.0,0.0,0.0,nan,nan,nan,1,0,0,0
642008106,641965798,0.3579361,2.7136075,-1.0740007,0.7125917,0.008246314,0.0021888136,0.70152706,nan,nan,nan,nan,nan,nan,0.0,0.0,0.0,0.0,0.0,0.0,nan,nan,nan,1,0,0,0
642081836,642065792,0.3591876,2.7131445,-1.0766852,0.71183056,0.007156836,0.0020453236,0.70231175,nan,nan,nan,nan,nan,nan,0.0,0.0,0.0,0.0,0.0,0.0,nan,nan,nan,1,0,0,0
642181730,642165614,0.35715395,2.7170548,-1.0808772,0.7121138,0.007411376,0.0030561867,0.7020183,nan,nan,nan,nan,nan,nan,0.0,0.0,0.0,0.0,0.0,0.0,nan,nan,nan,1,0,0,0
642281229,642265755,0.35492095,2.726688,-1.0846813,0.7099907,0.006798291,0.0047897063,0.704162,nan,nan,nan,nan,nan,nan,0.0,0.0,0.0,0.0,0.0,0.0,nan,nan,nan,1,0,0,0
642383962,642365678,0.34811634,2.7307513,-1.0901669,0.70847934,0.007829148,0.005901148,0.70566344,nan,nan,nan,nan,nan,nan,0.0,0.0,0.0,0.0,0.0,0.0,nan,nan,nan,1,0,0,0
642502224,642465615,0.33946812,2.7403574,-1.095262,0.7073562,0.007530881,0.0065775136,0.70678645,nan,nan,nan,nan,nan,nan,0.0,0.0,0.0,0.0,0.0,0.0,nan,nan,nan,1,0,0,0
642582655,642565747,0.3316749,2.7486317,-1.1073384,0.70644367,0.005379346,0.004527712,0.70773435,nan,nan,nan,nan,nan,nan,0.0,0.0,0.0,0.0,0.0,0.0,nan,nan,nan,1,0,0,0
642706622,642665639,0.32312715,2.7518237,-1.127269,0.70497465,0.002625821,-0.00014633688,0.70922756,nan,nan,nan,nan,nan,nan,0.0,0.0,0.0,0.0,0.0,0.0,nan,nan,nan,1,0,0,0
642804301,642765621,0.31860128,2.7549129,-1.1544224,0.70472103,0.0038447015,0.0063444525,0.7094458,nan,nan,nan,nan,nan,nan,0.0,0.0,0.0,0.0,0.0,0.0,nan,nan,nan,1,0,0,0
642900539,642865641,0.31271863,2.758157,-1.1806127,0.70551914,0.001203208,0.008597708,0.7086377,nan,nan,nan,nan,nan,nan,0.0,0.0,0.0,0.0,0.0,0.0,nan,nan,nan,1,0,0,0
643004044,642965626,0.30910826,2.7614796,-1.1987983,0.7043014,0.00022348264,0.008971627,0.70984435,nan,nan,nan,nan,nan,nan,0.0,0.0,0.0,0.0,0.0,0.0,nan,nan,nan,1,0,0,0
643081904,643065753,0.30474216,2.7701328,-1.2068973,0.7043595,-0.0021189416,0.00973845,0.70977354,nan,nan,nan,nan,nan,nan,0.0,0.0,0.0,0.0,0.0,0.0,nan,nan,nan,1,0,0,0
643203890,643165753,0.30299267,2.7810557,-1.2022419,0.7043471,-0.0038688064,0.01120691,0.70975673,nan,nan,nan,nan,nan,nan,0.0,0.0,0.0,0.0,0.0,0.0,nan,nan,nan,1,0,0,0
643305194,643265710,0.29522845,2.7906275,-1.1931113,0.70538306,-0.004035482,0.009035183,0.7087573,nan,nan,nan,nan,nan,nan,0.0,0.0,0.0,0.0,0.0,0.0,nan,nan,nan,1,0,0,0
643381832,643365768,0.28822315,2.7994127,-1.1867453,0.7057401,-0.00454678,0.007652764,0.70841485,nan,nan,nan,nan,nan,nan,0.0,0.0,0.0,0.0,0.0,0.0,nan,nan,nan,1,0,0,0
643482599,643465741,0.28262624,2.8034856,-1.1855441,0.7078784,-0.002434532,0.008770852,0.70627564,nan,nan,nan,nan,nan,nan,0.0,0.0,0.0,0.0,0.0,0.0,nan,nan,nan,1,0,0,0
643581153,643565710,0.27212486,2.8087187,-1.1871723,0.7092302,-0.0046764105,0.00814482,0.7049144,nan,nan,nan,nan,nan,nan,0.0,0.0,0.0,0.0,0.0,0.0,nan,nan,nan,1,0,0,0
643682125,643665587,0.26333794,2.8125517,-1.1884,0.709538,-0.0068240105,0.0063265767,0.70460576,nan,nan,nan,nan,nan,nan,0.0,0.0,0.0,0.0,0.0,0.0,nan,nan,nan,1,0,0,0
643782635,643765749,0.25791088,2.818741,-1.1884612,0.7123094,-0.006761695,0.004807587,0.70181656,nan,nan,nan,nan,nan,nan,0.0,0.0,0.0,0.0,0.0,0.0,nan,nan,nan,1,0,0,0
643910837,643865691,0.25196955,2.8255184,-1.1933186,0.7137018,-0.007166447,0.004080319,0.70040107,nan,nan,nan,nan,nan,nan,0.0,0.0,0.0,0.0,0.0,0.0,nan,nan,nan,1,0,0,0
644004173,643965639,0.25004476,2.8284125,-1.1951456,0.7160954,-0.009496862,0.004588535,0.69792265,nan,nan,nan,nan,nan,nan,0.0,0.0,0.0,0.0,0.0,0.0,nan,nan,nan,1,0,0,0
644103084,644065599,0.2478943,2.8300366,-1.1961086,0.7184006,-0.009370207,0.0020987703,0.69556344,nan,nan,nan,nan,nan,nan,0.0,0.0,0.0,0.0,0.0,0.0,nan,nan,nan,1,0,0,0
644205417,644165659,0.24669956,2.8325374,-1.1967939,0.71861804,-0.007755456,-0.0013480629,0.6953605,nan,nan,nan,nan,nan,nan,0.0,0.0,0.0,0.0,0.0,0.0,nan,nan,nan,1,0,0,0
644304910,644265587,0.24545054,2.8377059,-1.1976031,0.7172982,-0.0074898433,-0.002167182,0.6967226,nan,nan,nan,nan,nan,nan,0.0,0.0,0.0,0.0,0.0,0.0,nan,nan,nan,1,0,0,0
644382492,644365554,0.23904255,2.8382456,-1.1979507,0.7165501,-0.00964771,0.0007866169,0.6974685,nan,nan,nan,nan,nan,nan,0.0,0.0,0.0,0.0,0.0,0.0,nan,nan,nan,1,0,0,0
644505045,644465556,0.2375142,2.8357196,-1.1953143,0.7160139,-0.010677998,0.0073547186,0.6979656,nan,nan,nan,nan,nan,nan,0.0,0.0,0.0,0.0,0.0,0.0,nan,nan,nan,1,0,0,0
644604177,644565715,0.23465137,2.833094,-1.1961635,0.71474856,-0.011963482,0.008982107,0.6992215,nan,nan,nan,nan,nan,nan,0.0,0.0,0.0,0.0,0.0,0.0,nan,nan,nan,1,0,0,0
644705513,644665713,0.23473169,2.8291495,-1.1995337,0.7146248,-0.013032907,0.013873867,0.69924885,nan,nan,nan,nan,nan,nan,0.0,0.0,0.0,0.0,0.0,0.0,nan,nan,nan,1,0,0,0
644804233,644765626,0.23511724,2.821412,-1.195588,0.7154705,-0.018675629,0.01593368,0.6982115,nan,nan,nan,nan,nan,nan,0.0,0.0,0.0,0.0,0.0,0.0,nan,nan,nan,1,0,0,0
644882211,644865616,0.23423016,2.8147404,-1.1946878,0.715848,-0.019334115,0.020356957,0.6976915,nan,nan,nan,nan,nan,nan,0.0,0.0,0.0,0.0,0.0,0.0,nan,nan,nan,1,0,0,0
645003533,644965573,0.23395823,2.803125,-1.1947314,0.7167612,-0.019058688,0.023049084,0.696677,nan,nan,nan,nan,nan,nan,0.0,0.0,0.0,0.0,0.0,0.0,nan,nan,nan,1,0,0,0
645104931,645065562,0.23257954,2.7884018,-1.1929976,0.71813,-0.024353048,0.025459731,0.6950166,nan,nan,nan,nan,nan,nan,0.0,0.0,0.0,0.0,0.0,0.0,nan,nan,nan,1,0,0,0
645204360,645165503,0.23158135,2.769359,-1.1875647,0.718358,-0.027917447,0.028859371,0.69451386,nan,nan,nan,nan,nan,nan,0.0,0.0,0.0,0.0,0.0,0.0,nan,nan,nan,1,0,0,0
645282295,645265705,0.22661556,2.7447143,-1.1785338,0.718848,-0.029519083,0.028375138,0.69396037,nan,nan,nan,nan,nan,nan,0.0,0.0,0.0,0.0,0.0,0.0,nan,nan,nan,1,0,0,0
645381871,645365586,0.22587092,2.7143483,-1.1714803,0.7193673,-0.029219195,0.031184766,0.6933141,nan,nan,nan,nan,nan,nan,0.0,0.0,0.0,0.0,0.0,0.0,nan,nan,nan,1,0,0,0
645504570,645465568,0.22437531,2.6785002,-1.1621273,0.71890426,-0.029602788,0.027660107,0.6939274,nan,nan,nan,nan,nan,nan,0.0,0.0,0.0,0.0,0.0,0.0,nan,nan,nan,1,0,0,0
645605679,645565653,0.22206973,2.633519,-1.1454577,0.7201489,-0.029000811,0.025394911,0.69274795,nan,nan,nan,nan,nan,nan,0.0,0.0,0.0,0.0,0.0,0.0,nan,nan,nan,1,0,0,0
645705352,645665629,0.22378767,2.582333,-1.1311502,0.7194666,-0.026656637,0.025013098,0.6935644,nan,nan,nan,nan,nan,nan,0.0,0.0,0.0,0.0,0.0,0.0,nan,nan,nan,1,0,0,0
645782285,645765560,0.223452,2.525847,-1.1171929,0.7178541,-0.027684957,0.023621978,0.6952418,nan,nan,nan,nan,nan,nan,0.0,0.0,0.0,0.0,0.0,0.0,nan,nan,nan,1,0,0,0
646131937,645865669,0.21732882,2.4645495,-1.1070985,0.71406746,-0.023341222,0.048606925,0.6979973,nan,nan,nan,nan,nan,nan,0.0,0.0,0.0,0.0,0.0,0.0,nan,nan,nan,1,0,0,0
646149016,645965476,0.19266091,2.3942578,-1.0676138,0.69834596,0.019745048,0.21690932,0.6818162,nan,nan,nan,nan,nan,nan,0.0,0.0,0.0,0.0,0.0,0.0,nan,nan,nan,1,0,0,0
646162688,646065521,0.15285873,2.3533118,-0.93322194,0.6583743,0.12462776,0.42063227,0.61162055,nan,nan,nan,nan,nan,nan,0.0,0.0,0.0,0.0,0.0,0.0,nan,nan,nan,1,0,0,0
646179949,646165280,0.10625951,2.3433352,-0.684564,0.5876989,0.29778248,0.6028098,0.45006225,nan,nan,nan,nan,nan,nan,0.0,0.0,0.0,0.0,0.0,0.0,nan,nan,nan,1,0,0,0
646295202,646263578,-0.07212857,2.3944693,-0.45691073,0.5019828,0.47564864,0.6727708,0.26296565,nan,nan,nan,nan,nan,nan,0.0,0.0,0.0,0.0,0.0,0.0,nan,nan,nan,1,0,0,0
646376891,646362203,-0.299202,2.4414597,-0.20259772,0.29308152,0.62372476,0.7241258,0.026690181,nan,nan,nan,nan,nan,nan,0.0,0.0,0.0,0.0,0.0,0.0,nan,nan,nan,1,0,0,0
646483255,646465257,-0.5069703,2.453117,0.0019340627,-0.084485255,-0.68262404,-0.69727314,0.20173456,nan,nan,nan,nan,nan,nan,0.0,0.0,0.0,0.0,0.0,0.0,nan,nan,nan,1,0,0,0
646586639,646565185,-0.6504535,2.4556952,0.19127434,0.07186204,-0.7013772,-0.6139551,0.35491544,nan,nan,nan,nan,nan,nan,0.0,0.0,0.0,0.0,0.0,0.0,nan,nan,nan,1,0,0,0
646693603,646664206,-0.7253772,2.4834504,0.35717222,0.15716007,-0.67987174,-0.572481,0.4305122,nan,nan,nan,nan,nan,nan,0.0,0.0,0.0,0.0,0.0,0.0,nan,nan,nan,1,0,0,0
646777902,646763628,-0.7591962,2.5025475,0.537118,0.10426284,-0.6886484,-0.602629,0.38952652,nan,nan,nan,nan,nan,nan,0.0,0.0,0.0,0.0,0.0,0.0,nan,nan,nan,1,0,0,0
646891062,646863408,-0.79372907,2.5097873,0.6839158,0.024318215,-0.7218704,-0.5902522,0.36043596,nan,nan,nan,nan,nan,nan,0.0,0.0,0.0,0.0,0.0,0.0,nan,nan,nan,1,0,0,0
646976524,646962102,-0.81084067,2.5331445,0.81205624,0.007494848,-0.72917014,-0.58418083,0.35635296,nan,nan,nan,nan,nan,nan,0.0,0.0,0.0,0.0,0.0,0.0,nan,nan,nan,1,0,0,0
647089477,647065511,-0.8465624,2.5648625,0.9505335,0.037079394,-0.7162281,-0.5828508,0.38200432,nan,nan,nan,nan,nan,nan,0.0,0.0,0.0,0.0,0.0,0.0,nan,nan,nan,1,0,0,0
647191886,647165579,-0.86181855,2.5927565,1.0838375,0.07734536,-0.69869673,-0.5935222,0.39188257,nan,nan,nan,nan,nan,nan,0.0,0.0,0.0,0.0,0.0,0.0,nan,nan,nan,1,0,0,0
647277409,647265533,-0.85688496,2.6067774,1.1808813,0.090374745,-0.69889355,-0.5882737,0.39662856,nan,nan,nan,nan,nan,nan,0.0,0.0,0.0,0.0,0.0,0.0,nan,nan,nan,1,0,0,0
647395244,647365292,-0.83861655,2.6224382,1.306524,0.09197415,-0.69837344,-0.58980125,0.39490473,nan,nan,nan,nan,nan,nan,0.0,0.0,0.0,0.0,0.0,0.0,nan,nan,nan,1,0,0,0
647491783,647465066,-0.82863647,2.62371,1.3938687,0.08909372,-0.6983126,-0.59316283,0.3906145,nan,nan,nan,nan,nan,nan,0.0,0.0,0.0,0.0,0.0,0.0,nan,nan,nan,1,0,0,0
647590559,647563939,-0.8273204,2.6380055,1.4568719,0.0944971,-0.6951235,-0.58749217,0.4033938,nan,nan,nan,nan,nan,nan,0.0,0.0,0.0,0.0,0.0,0.0,nan,nan,nan,1,0,0,0
647676953,647663437,-0.8209013,2.6463187,1.5204713,0.11122162,-0.6886388,-0.59290624,0.40232876,nan,nan,nan,nan,nan,nan,0.0,0.0,0.0,0.0,0.0,0.0,nan,nan,nan,1,0,0,0
647794918,647763162,-0.80809665,2.6631744,1.5665127,0.11379058,-0.688748,-0.58480394,0.41313717,nan,nan,nan,nan,nan,nan,0.0,0.0,0.0,0.0,0.0,0.0,nan,nan,nan,1,0,0,0
647890992,647862166,-0.7891512,2.6717908,1.5837874,0.11257034,-0.6879068,-0.58814627,0.4101173,nan,nan,nan,nan,nan,nan,0.0,0.0,0.0,0.0,0.0,0.0,nan,nan,nan,1,0,0,0
647990473,647961419,-0.7837616,2.6781063,1.6033815,0.122264735,-0.67398554,-0.60134894,0.411308,nan,nan,nan,nan,nan,nan,0.0,0.0,0.0,0.0,0.0,0.0,nan,nan,nan,1,0,0,0
648090446,648065574,-0.77154183,2.6823175,1.6177706,0.12300844,-0.67090636,-0.6064929,0.4085583,nan,nan,nan,nan,nan,nan,0.0,0.0,0.0,0.0,0.0,0.0,nan,nan,nan,1,0,0,0
648195839,648165467,-0.76753014,2.6902695,1.6229115,0.10936053,-0.68327063,-0.585352,0.4225452,nan,nan,nan,nan,nan,nan,0.0,0.0,0.0,0.0,0.0,0.0,nan,nan,nan,1,0,0,0
648290155,648265205,-0.77117693,2.6959105,1.6133897,0.11931014,-0.6703163,-0.60578316,0.41166484,nan,nan,nan,nan,nan,nan,0.0,0.0,0.0,0.0,0.0,0.0,nan,nan,nan,1,0,0,0
648389909,648364970,-0.7696878,2.6878705,1.6021849,0.11378502,-0.6782819,-0.596513,0.41371343,nan,nan,nan,nan,nan,nan,0.0,0.0,0.0,0.0,0.0,0.0,nan,nan,nan,1,0,0,0
648476634,648463466,-0.7771963,2.6919491,1.5987477,0.11362853,-0.6786174,-0.59386045,0.41700926,nan,nan,nan,nan,nan,nan,0.0,0.0,0.0,0.0,0.0,0.0,nan,nan,nan,1,0,0,0
648589944,648563156,-0.79163027,2.6920087,1.5810564,0.119548924,-0.6683232,-0.6052132,0.41565514,nan,nan,nan,nan,nan,nan,0.0,0.0,0.0,0.0,0.0,0.0,nan,nan,nan,1,0,0,0
648677186,648662100,-0.79593444,2.6886158,1.5566351,0.11063755,-0.68169886,-0.58872217,0.42006215,nan,nan,nan,nan,nan,nan,0.0,0.0,0.0,0.0,0.0,0.0,nan,nan,nan,1,0,0,0
648790019,648761523,-0.8084617,2.6875694,1.5434716,0.1141021,-0.67459357,-0.6047952,0.4075867,nan,nan,nan,nan,nan,nan,0.0,0.0,0.0,0.0,0.0,0.0,nan,nan,nan,1,0,0,0
648894860,648861251,-0.8258108,2.6808467,1.5224557,0.10446109,-0.68153423,-0.59954864,0.4063747,nan,nan,nan,nan,nan,nan,0.0,0.0,0.0,0.0,0.0,0.0,nan,nan,nan,1,0,0,0
648976866,648965501,-0.8308105,2.6746228,1.500116,0.108987756,-0.67908233,-0.59730697,0.4125449,nan,nan,nan,nan,nan,nan,0.0,0.0,0.0,0.0,0.0,0.0,nan,nan,nan,1,0,0,0
649093545,649065160,-0.8363778,2.6713943,1.47274,0.105151765,-0.6777171,-0.6045868,0.4051141,nan,nan,nan,nan,nan,nan,0.0,0.0,0.0,0.0,0.0,0.0,nan,nan,nan,1,0,0,0
649191797,649164998,-0.8380233,2.665063,1.4504484,0.101798385,-0.6869466,-0.5960533,0.40306568,nan,nan,nan,nan,nan,nan,0.0,0.0,0.0,0.0,0.0,0.0,nan,nan,nan,1,0,0,0
649291184,649263775,-0.8338534,2.660471,1.4249355,0.108742796,-0.6777495,-0.6064427,0.40132007,nan,nan,nan,nan,nan,nan,0.0,0.0,0.0,0.0,0.0,0.0,nan,nan,nan,1,0,0,0
649376613,649363511,-0.8365714,2.6524353,1.4069192,0.09679689,-0.68463427,-0.6000105,0.40236035,nan,nan,nan,nan,nan,nan,0.0,0.0,0.0,0.0,0.0,0.0,nan,nan,nan,1,0,0,0
649490932,649463226,-0.8353274,2.6459155,1.3751197,0.097257145,-0.683266,-0.6007144,0.40352297,nan,nan,nan,nan,nan,nan,0.0,0.0,0.0,0.0,0.0,0.0,nan,nan,nan,1,0,0,0
649576767,649562044,-0.83608234,2.6354368,1.3444961,0.09933905,-0.6832094,-0.6059766,0.39515695,nan,nan,nan,nan,nan,nan,0.0,0.0,0.0,0.0,0.0,0.0,nan,nan,nan,1,0,0,0
649694191,649661628,-0.83296496,2.6304798,1.3176581,0.09616896,-0.6882581,-0.59979063,0.39661494,nan,nan,nan,nan,nan,nan,0.0,0.0,0.0,0.0,0.0,0.0,nan,nan,nan,1,0,0,0
649777090,649761139,-0.8317678,2.6262262,1.2847587,0.09610041,-0.6830177,-0.60582,0.39652714,nan,nan,nan,nan,nan,nan,0.0,0.0,0.0,0.0,0.0,0.0,nan,nan,nan,1,0,0,0
649877577,649865470,-0.83308923,2.6173072,1.2366712,0.09127691,-0.68815494,-0.5989127,0.3992679,nan,nan,nan,nan,nan,nan,0.0,0.0,0.0,0.0,0.0,0.0,nan,nan,nan,1,0,0,0
649995461,649965358,-0.8232647,2.6170557,1.1974831,0.08774836,-0.68710876,-0.6035697,0.39482352,nan,nan,nan,nan,nan,nan,0.0,0.0,0.0,0.0,0.0,0.0,nan,nan,nan,1,0,0,0
650076244,650065025,-0.8183002,2.608961,1.1516464,0.080986366,-0.6921929,-0.60451883,0.38583308,nan,nan,nan,nan,nan,nan,0.0,0.0,0.0,0.0,0.0,0.0,nan,nan,nan,1,0,0,0
650179208,650164681,-0.8096127,2.6020882,1.0912278,0.0751457,-0.6977238,-0.60024744,0.38371548,nan,nan,nan,nan,nan,nan,0.0,0.0,0.0,0.0,0.0,0.0,nan,nan,nan,1,0,0,0
650276705,650263526,-0.804976,2.5913846,1.033992,0.074659936,-0.6945392,-0.6064562,0.37980542,nan,nan,nan,nan,nan,nan,0.0,0.0,0.0,0.0,0.0,0.0,nan,nan,nan,1,0,0,0
650389582,650363269,-0.7852453,2.5767922,0.96466684,0.07245782,-0.69927156,-0.60106283,0.38012177,nan,nan,nan,nan,nan,nan,0.0,0.0,0.0,0.0,0.0,0.0,nan,nan,nan,1,0,0,0
650477347,650463090,-0.772898,2.5706713,0.9179793,0.07523748,-0.6978205,-0.60540396,0.37532893,nan,nan,nan,nan,nan,nan,0.0,0.0,0.0,0.0,0.0,0.0,nan,nan,nan,1,0,0,0
650590532,650561713,-0.77316004,2.5572853,0.8715624,0.072251506,-0.7001059,-0.6060651,0.37056246,nan,nan,nan,nan,nan,nan,0.0,0.0,0.0,0.0,0.0,0.0,nan,nan,nan,1,0,0,0
650677239,650665368,-0.76308256,2.5459943,0.811368,0.068679,-0.70133126,-0.6016452,0.3760861,nan,nan,nan,nan,nan,nan,0.0,0.0,0.0,0.0,0.0,0.0,nan,nan,nan,1,0,0,0
650792143,650765457,-0.7478066,2.532777,0.74674046,0.06818999,-0.70097375,-0.60670066,0.3686466,nan,nan,nan,nan,nan,nan,0.0,0.0,0.0,0.0,0.0,0.0,nan,nan,nan,1,0,0,0
650891161,650865380,-0.73762876,2.5275724,0.7108379,0.06708627,-0.7027754,-0.59639984,0.38198608,nan,nan,nan,nan,nan,nan,0.0,0.0,0.0,0.0,0.0,0.0,nan,nan,nan,1,0,0,0
650992193,650965140,-0.72748107,2.5179834,0.6705229,0.07010249,-0.69896054,-0.60065705,0.38177317,nan,nan,nan,nan,nan,nan,0.0,0.0,0.0,0.0,0.0,0.0,nan,nan,nan,1,0,0,0
651090094,651065046,-0.7115805,2.5049946,0.6087116,0.06365813,-0.7057093,-0.5935583,0.38158965,nan,nan,nan,nan,nan,nan,0.0,0.0,0.0,0.0,0.0,0.0,nan,nan,nan,1,0,0,0
651176717,651163828,-0.69826317,2.4973426,0.55105764,0.06544624,-0.7035332,-0.59684837,0.38017088,nan,nan,nan,nan,nan,nan,0.0,0.0,0.0,0.0,0.0,0.0,nan,nan,nan,1,0,0,0
651289634,651263279,-0.69108665,2.488413,0.4969812,0.059837904,-0.7074706,-0.5968726,0.3736947,nan,nan,nan,nan,nan,nan,0.0,0.0,0.0,0.0,0.0,0.0,nan,nan,nan,1,0,0,0
651391143,651363195,-0.6830447,2.4779024,0.44478825,0.056640007,-0.70774925,-0.5985627,0.37095213,nan,nan,nan,nan,nan,nan,0.0,0.0,0.0,0.0,0.0,0.0,nan,nan,nan,1,0,0,0
651490273,651462988,-0.6665539,2.467838,0.3924749,0.056941967,-0.7088124,-0.60284853,0.3618234,nan,nan,nan,nan,nan,nan,0.0,0.0,0.0,0.0,0.0,0.0,nan,nan,nan,1,0,0,0
651591682,651565321,-0.64699626,2.4581847,0.31003925,0.04528251,-0.7153648,-0.6023102,0.3513192,nan,nan,nan,nan,nan,nan,0.0,0.0,0.0,0.0,0.0,0.0,nan,nan,nan,1,0,0,0
651693974,651665498,-0.6251086,2.4447234,0.22762634,0.04043441,-0.7178068,-0.6041872,0.3436222,nan,nan,nan,nan,nan,nan,0.0,0.0,0.0,0.0,0.0,0.0,nan,nan,nan,1,0,0,0
651790754,651765402,-0.60689545,2.4358184,0.15966262,0.03638521,-0.72135466,-0.6050886,0.3349497,nan,nan,nan,nan,nan,nan,0.0,0.0,0.0,0.0,0.0,0.0,nan,nan,nan,1,0,0,0
651889778,651865356,-0.5637358,2.431237,0.08995208,0.030596389,-0.7246039,-0.60678774,0.32530236,nan,nan,nan,nan,nan,nan,0.0,0.0,0.0,0.0,0.0,0.0,nan,nan,nan,1,0,0,0
651993277,651965213,-0.5326241,2.4263246,0.016893117,0.026147686,-0.7259159,-0.6056731,0.32484207,nan,nan,nan,nan,nan,nan,0.0,0.0,0.0,0.0,0.0,0.0,nan,nan,nan,1,0,0,0
652091018,652064174,-0.4912218,2.4277732,-0.05359147,0.014736649,-0.73389065,-0.60066056,0.3168503,nan,nan,nan,nan,nan,nan,0.0,0.0,0.0,0.0,0.0,0.0,nan,nan,nan,1,0,0,0
652177191,652163717,-0.44733223,2.4242737,-0.10188325,0.017483715,-0.7330634,-0.6011095,0.31777325,nan,nan,nan,nan,nan,nan,0.0,0.0,0.0,0.0,0.0,0.0,nan,nan,nan,1,0,0,0
652277040,652263311,-0.38999584,2.432394,-0.14472975,0.011988485,-0.7411064,-0.59284455,0.31488547,nan,nan,nan,nan,nan,nan,0.0,0.0,0.0,0.0,0.0,0.0,nan,nan,nan,1,0,0,0
652377473,652365298,-0.3345317,2.4347024,-0.17500451,0.0036760129,-0.742838,-0.5931467,0.3104113,nan,nan,nan,nan,nan,nan,0.0,0.0,0.0,0.0,0.0,0.0,nan,nan,nan,1,0,0,0
652490704,652465500,-0.2508204,2.4327836,-0.23041624,0.00010205269,-0.7495952,-0.5883928,0.30315194,nan,nan,nan,nan,nan,nan,0.0,0.0,0.0,0.0,0.0,0.0,nan,nan,nan,1,0,0,0
652591114,652565319,-0.18054976,2.420214,-0.28822985,0.0040960927,-0.7530091,-0.5885638,0.29419935,nan,nan,nan,nan,nan,nan,0.0,0.0,0.0,0.0,0.0,0.0,nan,nan,nan,1,0,0,0
652691167,652665370,-0.10737014,2.414075,-0.3290431,-0.004114788,-0.75768316,-0.5881531,0.28279868,nan,nan,nan,nan,nan,nan,0.0,0.0,0.0,0.0,0.0,0.0,nan,nan,nan,1,0,0,0
652776550,652765279,0.0026999137,2.4164412,-0.36907724,-0.009120858,-0.7624607,-0.58379334,0.27884704,nan,nan,nan,nan,nan,nan,0.0,0.0,0.0,0.0,0.0,0.0,nan,nan,nan,1,0,0,0
652876695,652865340,0.12561414,2.4159427,-0.38291684,-0.0047197044,-0.76724964,-0.57796246,0.27796584,nan,nan,nan,nan,nan,nan,0.0,0.0,0.0,0.0,0.0,0.0,nan,nan,nan,1,0,0,0
652992285,652965086,0.27178323,2.40033,-0.40502527,0.0038605793,-0.7717239,-0.5736276,0.27455187,nan,nan,nan,nan,nan,nan,0.0,0.0,0.0,0.0,0.0,0.0,nan,nan,nan,1,0,0,0
653076699,653064090,0.43040428,2.3899763,-0.42166638,0.004708086,-0.78421974,-0.56353056,0.25963554,nan,nan,nan,nan,nan,nan,0.0,0.0,0.0,0.0,0.0,0.0,nan,nan,nan,1,0,0,0
653216030,653163421,0.6160996,2.3518853,-0.46081728,-0.0069245175,-0.7801348,-0.5744227,0.24775027,nan,nan,nan,nan,nan,nan,0.0,0.0,0.0,0.0,0.0,0.0,nan,nan,nan,1,0,0,0
653277409,653263291,0.8136336,2.3435342,-0.48198503,-0.019722477,-0.7806416,-0.571177,0.2529159,nan,nan,nan,nan,nan,nan,0.0,0.0,0.0,0.0,0.0,0.0,nan,nan,nan,1,0,0,0
653393530,653365426,1.0261492,2.32656,-0.47064397,-0.013014258,-0.7825532,-0.5682721,0.25398412,nan,nan,nan,nan,nan,nan,0.0,0.0,0.0,0.0,0.0,0.0,nan,nan,nan,1,0,0,0
653493524,653465272,1.2967521,2.3073845,-0.5055167,-0.011546891,-0.7950909,-0.5576384,0.23819444,nan,nan,nan,nan,nan,nan,0.0,0.0,0.0,0.0,0.0,0.0,nan,nan,nan,1,0,0,0
653576524,653565344,1.5886441,2.2774446,-0.52804494,-0.0011359538,-0.7847087,-0.5703568,0.24274288,nan,nan,nan,nan,nan,nan,0.0,0.0,0.0,0.0,0.0,0.0,nan,nan,nan,1,0,0,0
653689583,653665253,1.9087915,2.2381709,-0.55347985,-0.008489068,-0.789355,-0.5651002,0.23980927,nan,nan,nan,nan,nan,nan,0.0,0.0,0.0,0.0,0.0,0.0,nan,nan,nan,1,0,0,0
653790160,653765434,2.2514746,2.200839,-0.5646125,-0.022686535,-0.79773706,-0.5607667,0.2205485,nan,nan,nan,nan,nan,nan,0.0,0.0,0.0,0.0,0.0,0.0,nan,nan,nan,1,0,0,0
