timestamp,timestamp_sample,device_id,pressure,temperature,error_count
630424264,630423318,6780433,101103.125,38.75,0
630467594,630466599,6780433,101101.37,38.76,0
630510846,630509900,6780433,101102.625,38.75,0
630597482,630596536,6780433,101101.12,38.75,0
630727376,630726431,6780433,101101.87,38.75,0
630813948,630813002,6780433,101100.86,38.75,0
630900547,630899600,6780433,101099.86,38.76,0
631030461,631029515,6780433,101101.87,38.76,0
631117069,631116101,6780433,101099.86,38.76,0
631203647,631202700,6780433,101101.37,38.77,0
631333548,631332602,6780433,101100.87,38.77,0
631420157,631419200,6780433,101099.11,38.77,0
631506748,631505802,6780433,101100.12,38.77,0
631636645,631635699,6780433,101100.12,38.78,0
631723246,631722300,6780433,101101.875,38.77,0
631809846,631808900,6780433,101102.89,38.78,0
631939785,631938839,6780433,101098.86,38.78,0
632026379,632025399,6780433,101101.625,38.79,0
632112978,632112032,6780433,101100.12,38.78,0
632242845,632241899,6780433,101100.12,38.79,0
632329446,632328499,6780433,101100.62,38.79,0
632416081,632415135,6780433,101100.62,38.79,0
632502646,632501700,6780433,101101.625,38.79,0
632632589,632631600,6780433,101097.35,38.79,0
632719145,632718199,6780433,101103.39,38.8,0
632805756,632804810,6780433,101101.375,38.809998,0
632935646,632934700,6780433,101103.64,38.809998,0
633022290,633021344,6780433,101101.125,38.809998,0
633108846,633107900,6780433,101100.875,38.809998,0
633238842,633237821,6780433,101100.875,38.809998,0
633325346,633324401,6780433,101100.375,38.809998,0
633411947,633411001,6780433,101101.375,38.809998,0
633541845,633540900,6780433,101102.39,38.82,0
633628532,633627500,6780433,101102.39,38.82,0
633715049,633714102,6780433,101102.39,38.82,0
633801646,633800700,6780433,101100.625,38.82,0
633931546,633930600,6780433,101101.125,38.82,0
634018146,634017200,6780433,101098.37,38.82,0
634104787,634103841,6780433,101099.87,38.829998,0
634234686,634233740,6780433,101099.12,38.829998,0
634321264,634320318,6780433,101101.125,38.84,0
634407845,634406900,6780433,101099.875,38.84,0
634537749,634536799,6780433,101095.85,38.84,0
634624351,634623405,6780433,101096.35,38.84,0
634710980,634710034,6780433,101095.85,38.84,0
634797601,634796599,6780433,101094.586,38.84,0
634927480,634926533,6780433,101093.336,38.84,0
635014069,635013102,6780433,101089.805,38.85,0
635100646,635099700,6780433,101091.32,38.85,0
635230546,635229600,6780433,101088.555,38.85,0
635317189,635316243,6780433,101087.05,38.85,0
635403845,635402821,6780433,101090.07,38.85,0
635533645,635532700,6780433,101091.58,38.86,0
635620250,635619299,6780433,101088.05,38.86,0
635706845,635705899,6780433,101084.03,38.86,0
635836746,635835799,6780433,101089.82,38.86,0
635923346,635922400,6780433,101093.086,38.87,0
636009993,636009034,6780433,101089.305,38.86,0
636139849,636138903,6780433,101090.07,38.87,0
636226446,636225499,6780433,101087.55,38.87,0
636313047,636312101,6780433,101090.82,38.879997,0
636399687,636398740,6780433,101089.305,38.87,0
636529553,636528600,6780433,101089.055,38.87,0
636616146,636615199,6780433,101087.05,38.87,0
636702750,636701800,6780433,101086.8,38.879997,0
636832647,636831701,6780433,101086.8,38.879997,0
636919251,636918305,6780433,101081.26,38.879997,0
637005845,637004899,6780433,101080.51,38.879997,0
637135746,637134800,6780433,101077.984,38.879997,0
637222374,637221428,6780433,101073.96,38.879997,0
637308950,637308002,6780433,101078.484,38.879997,0
637438864,637437918,6780433,101075.73,38.879997,0
637525460,637524514,6780433,101074.47,38.89,0
637612045,637611100,6780433,101073.21,38.89,0
637698646,637697700,6780433,101075.48,38.89,0
637828546,637827600,6780433,101073.46,38.89,0
637915146,637914200,6780433,101075.48,38.89,0
638001764,638000818,6780433,101070.69,38.89,0
638131645,638130699,6780433,101072.445,38.879997,0
638218245,638217300,6780433,101072.71,38.899998,0
638304846,638303900,6780433,101068.93,38.89,0
638434788,638433842,6780433,101071.445,38.899998,0
638521378,638520400,6780433,101069.94,38.899998,0
638607980,638607034,6780433,101075.73,38.899998,0
638737845,638736899,6780433,101076.48,38.899998,0
638824447,638823500,6780433,101074.97,38.899998,0
638911084,638910138,6780433,101074.22,38.899998,0
638997645,638996699,6780433,101075.73,38.91,0
639127601,639126599,6780433,101071.445,38.899998,0
639214147,639213200,6780433,101073.46,38.91,0
639300746,639299800,6780433,101076.73,38.91,0
639430646,639429700,6780433,101074.72,38.91,0
639517291,639516344,6780433,101076.73,38.91,0
639603847,639602900,6780433,101073.96,38.91,0
639733845,639732821,6780433,101075.73,38.91,0
639820347,639819401,6780433,101077.734,38.91,0
639906965,639906019,6780433,101073.21,38.91,0
640036845,640035899,6780433,101074.22,38.91,0
640123526,640122500,6780433,101074.72,38.91,0
640210047,640209100,6780433,101073.46,38.91,0
640339996,640339040,6780433,101073.97,38.92,0
640426546,640425599,6780433,101071.445,38.92,0
640513147,640512202,6780433,101070.19,38.92,0
640599786,640598840,6780433,101070.44,38.92,0
640729686,640728740,6780433,101069.69,38.92,0
640816265,640815319,6780433,101071.695,38.92,0
640902845,640901899,6780433,101071.445,38.92,0
641032750,641031801,6780433,101069.18,38.92,0
641119363,641118417,6780433,101071.945,38.92,0
641205979,641205030,6780433,101074.47,38.93,0
641335846,641334900,6780433,101074.72,38.92,0
641422481,641421535,6780433,101071.445,38.93,0
641509065,641508100,6780433,101071.445,38.93,0
641638946,641638000,6780433,101067.93,38.92,0
641725546,641724600,6780433,101070.945,38.93,0
641812190,641811243,6780433,101071.445,38.93,0
641898842,641897821,6780433,101072.21,38.93,0
642028646,642027700,6780433,101072.195,38.94,0
642115249,642114301,6780433,101073.71,38.94,0
642201846,642200900,6780433,101070.94,38.94,0
642331747,642330800,6780433,101070.69,38.94,0
642418346,642417400,6780433,101073.46,38.94,0
642504996,642504033,6780433,101068.43,38.93,0
642634845,642633900,6780433,101069.69,38.93,0
642721446,642720499,6780433,101067.68,38.93,0
642808045,642807099,6780433,101071.445,38.94,0
642937982,642937034,6780433,101070.945,38.93,0
643024554,643023600,6780433,101075.73,38.94,0
643111146,643110199,6780433,101071.945,38.94,0
643197749,643196799,6780433,101068.93,38.94,0
643327646,643326699,6780433,101070.695,38.93,0
643414246,643413299,6780433,101070.44,38.94,0
643500849,643499903,6780433,101073.46,38.94,0
643630746,643629800,6780433,101071.195,38.94,0
643717377,643716430,6780433,101072.96,38.94,0
643803947,643803000,6780433,101069.43,38.94,0
643933847,643932901,6780433,101072.195,38.94,0
644020461,644019515,6780433,101073.71,38.94,0
644107071,644106105,6780433,101072.445,38.94,0
644236946,644235999,6780433,101070.44,38.94,0
644323546,644322600,6780433,101069.69,38.94,0
644410146,644409200,6780433,101072.96,38.94,0
644540045,644539099,6780433,101072.195,38.94,0
644626645,644625699,6780433,101072.46,38.94,0
644713246,644712300,6780433,101071.445,38.95,0
644799846,644798900,6780433,101071.445,38.94,0
644929786,644928840,6780433,101071.945,38.94,0
645016370,645015399,6780433,101070.19,38.94,0
645102989,645102034,6780433,101070.945,38.94,0
645232847,645231900,6780433,101070.69,38.94,0
645319446,645318499,6780433,101070.69,38.94,0
645406085,645405136,6780433,101072.46,38.94,0
645535978,645535032,6780433,101071.695,38.94,0
645622595,645621600,6780433,101072.71,38.94,0
645709147,645708200,6780433,101071.695,38.95,0
645839071,645838101,6780433,101075.22,38.94,0
645925646,645924699,6780433,101087.3,38.94,0
646012282,646011336,6780433,101093.086,38.95,0
646098850,646097903,6780433,101093.336,38.94,0
646228848,646227820,6780433,101096.11,38.94,0
646315347,646314400,6780433,101098.625,38.95,0
646401947,646401000,6780433,101085.29,38.95,0
646531846,646530900,6780433,101073.97,38.95,0
646618447,646617500,6780433,101068.43,38.95,0
646705047,646704100,6780433,101058.11,38.95,0
646834995,646834034,6780433,101063.4,38.95,0
646921568,646920599,6780433,101069.18,38.95,0
647008146,647007200,6780433,101072.46,38.95,0
647138046,647137100,6780433,101069.94,38.95,0
647224687,647223741,6780433,101065.66,38.95,0
647311264,647310318,6780433,101064.4,38.94,0
647397846,647396899,6780433,101065.16,38.95,0
647527746,647526799,6780433,101071.695,38.96,0
647614347,647613401,6780433,101067.414,38.95,0
647700979,647700033,6780433,101068.18,38.95,0
647830846,647829900,6780433,101068.43,38.95,0
647917481,647916534,6780433,101095.61,38.95,0
648004068,648003101,6780433,101102.66,38.95,0
648133948,648133001,6780433,101102.91,38.95,0
648220546,648219600,6780433,101102.16,38.95,0
648307187,648306241,6780433,101102.66,38.95,0
648437066,648436099,6780433,101101.15,38.95,0
648523647,648522699,6780433,101102.41,38.95,0
648610249,648609301,6780433,101104.914,38.95,0
648740157,648739211,6780433,101101.4,38.95,0
648826746,648825799,6780433,101099.89,38.96,0
648913347,648912400,6780433,101100.9,38.95,0
648999996,648999035,6780433,101102.41,38.95,0
649129846,649128899,6780433,101100.65,38.96,0
649216446,649215500,6780433,101100.14,38.96,0
649303047,649302100,6780433,101100.39,38.96,0
649432980,649432033,6780433,101100.14,38.95,0
649519554,649518599,6780433,101102.66,38.96,0
649606146,649605200,6780433,101098.875,38.96,0
649736046,649735100,6780433,101100.14,38.96,0
649822646,649821700,6780433,101100.39,38.96,0
649909257,649908311,6780433,101101.15,38.96,0
650039178,650038229,6780433,101099.39,38.96,0
650125748,650124801,6780433,101098.875,38.96,0
650212346,650211399,6780433,101102.91,38.969997,0
650298946,650298000,6780433,101099.89,38.96,0
650428883,650427937,6780433,101100.64,38.969997,0
650515462,650514516,6780433,101098.125,38.96,0
650602067,650601100,6780433,101099.14,38.969997,0
650731946,650730999,6780433,101097.875,38.969997,0
650818546,650817600,6780433,101099.39,38.96,0
650905146,650904200,6780433,101100.64,38.969997,0
651035082,651034135,6780433,101097.62,38.969997,0
651121647,651120700,6780433,101097.12,38.969997,0
651208245,651207299,6780433,101097.875,38.98,0
651338157,651337210,6780433,101102.66,38.98,0
651424746,651423800,6780433,101097.12,38.98,0
651511346,651510400,6780433,101101.4,38.98,0
651597980,651597033,6780433,101097.875,38.98,0
651727937,651726899,6780433,101097.12,38.98,0
651814446,651813500,6780433,101097.875,38.98,0
651901046,651900100,6780433,101101.15,38.989998,0
652030980,652030033,6780433,101097.37,38.989998,0
652117583,652116636,6780433,101096.11,38.98,0
652204147,652203201,6780433,101100.14,38.989998,0
652334132,652333101,6780433,101100.39,38.989998,0
652420645,652419699,6780433,101098.625,38.989998,0
652507248,652506302,6780433,101099.64,39.0,0
652637173,652636227,6780433,101098.625,39.0,0
652723829,652722882,6780433,101100.4,39.0,0
652810386,652809400,6780433,101098.125,39.0,0
652940251,652939300,6780433,101099.39,39.0,0
653026847,653025900,6780433,101095.11,39.0,0
653113468,653112501,6780433,101099.89,39.01,0
653200083,653199136,6780433,101098.625,39.01,0
653330000,653329037,6780433,101095.36,39.01,0
653416546,653415600,6780433,101099.39,39.01,0
653503148,653502201,6780433,101099.64,39.02,0
653633047,653632101,6780433,101095.36,39.02,0
653719689,653718742,6780433,101097.875,39.02,0
