timestamp,timestamp_sample,gps_hvel[0],gps_hvel[1],gps_vvel,gps_hpos[0],gps_hpos[1],gps_vpos,ev_hvel[0],ev_hvel[1],ev_vvel,ev_hpos[0],ev_hpos[1],ev_vpos,rng_vpos,baro_vpos,aux_hvel[0],aux_hvel[1],flow[0],flow[1],terr_flow[0],terr_flow[1],heading,mag_field[0],mag_field[1],mag_field[2],gravity[0],gravity[1],gravity[2],drag[0],drag[1],airspeed,beta,hagl,hagl_rate
630883466,630693215,0.0,0.0,0.0,0.0,0.0,0.0,nan,nan,nan,-0.004162878,-0.0032293797,0.014301896,0.0,-0.4748944,0.0,0.0,0.0,0.0,0.0,0.0,-0.0025327206,0.0,0.0,0.0,0.008139837,-0.003627558,-0.000121831894,0.0,0.0,0.0,0.0,0.0,0.0
631383594,631193221,0.0,0.0,0.0,0.0,0.0,0.0,nan,nan,nan,0.0,0.0,0.0,0.0,-0.4223137,0.0,0.0,0.0,0.0,0.0,0.0,0.0,0.0,0.0,0.0,-0.008449999,0.011754559,-5.5611134e-05,0.0,0.0,0.0,0.0,0.0,0.0
631893532,631703212,0.0,0.0,0.0,0.0,0.0,0.0,nan,nan,nan,0.0034701228,0.0006160736,0.051507115,0.0,-0.42580038,0.0,0.0,0.0,0.0,0.0,0.0,-0.0031511784,0.0,0.0,0.0,0.0071469145,-0.020211838,-0.0002233386,0.0,0.0,0.0,0.0,0.0,0.0
632393458,632203212,0.0,0.0,0.0,0.0,0.0,0.0,nan,nan,nan,0.00059986115,-0.0007030964,0.020643115,0.0,-0.37415183,0.0,0.0,0.0,0.0,0.0,0.0,-0.0029643774,0.0,0.0,0.0,-0.0031068036,-0.0030884903,4.1782856e-05,0.0,0.0,0.0,0.0,0.0,0.0
632883485,632693212,0.0,0.0,0.0,0.0,0.0,0.0,nan,nan,nan,-0.0016520768,-0.00086832047,0.018034995,0.0,-0.47125274,0.0,0.0,0.0,0.0,0.0,0.0,-0.0004312992,0.0,0.0,0.0,-0.016831819,0.0045162803,2.7656555e-05,0.0,0.0,0.0,0.0,0.0,0.0
633383460,633193211,0.0,0.0,0.0,0.0,0.0,0.0,nan,nan,nan,-0.00046734512,0.0009191036,0.015241146,0.0,-0.37535006,0.0,0.0,0.0,0.0,0.0,0.0,-0.003062129,0.0,0.0,0.0,0.007007038,-0.0024900923,-9.9778175e-05,0.0,0.0,0.0,0.0,0.0,0.0
633883475,633693212,0.0,0.0,0.0,0.0,0.0,0.0,nan,nan,nan,-0.0026240796,0.00032544136,0.009406149,0.0,-0.4323309,0.0,0.0,0.0,0.0,0.0,0.0,-0.0029581785,0.0,0.0,0.0,-0.0030068122,0.0070674783,-2.527237e-05,0.0,0.0,0.0,0.0,0.0,0.0
634383484,634193212,0.0,0.0,0.0,0.0,0.0,0.0,nan,nan,nan,-0.0005096644,-0.0003015995,0.009195447,0.0,-0.15478224,0.0,0.0,0.0,0.0,0.0,0.0,-0.0029025078,0.0,0.0,0.0,-0.025981057,0.014824732,-0.00020515919,0.0,0.0,0.0,0.0,0.0,0.0
634883489,634693211,0.0,0.0,0.0,0.0,0.0,0.0,nan,nan,nan,-0.00046999753,-0.00013184547,0.011544764,0.0,0.0067881346,0.0,0.0,0.0,0.0,0.0,0.0,-0.0026717186,0.0,0.0,0.0,0.0395998,-0.07123741,-0.0035142899,0.0,0.0,0.0,0.0,0.0,0.0
635393459,635203211,0.0,0.0,0.0,0.0,0.0,0.0,nan,nan,nan,-0.006371811,0.005147934,0.012548149,0.0,0.46890146,0.0,0.0,0.0,0.0,0.0,0.0,-0.0007584095,0.0,0.0,0.0,-0.011602167,0.16176495,-0.01362437,0.0,0.0,0.0,0.0,0.0,0.0
635893468,635703211,0.0,0.0,0.0,0.0,0.0,0.0,nan,nan,nan,0.011666805,-0.00392437,0.0135243535,0.0,0.99019456,0.0,0.0,0.0,0.0,0.0,0.0,-0.008575439,0.0,0.0,0.0,-0.062643856,0.096709155,-0.0037174225,0.0,0.0,0.0,0.0,0.0,0.0
636383463,636193211,0.0,0.0,0.0,0.0,0.0,0.0,nan,nan,nan,0.017273366,0.0004990101,0.0033318996,0.0,0.4710759,0.0,0.0,0.0,0.0,0.0,0.0,-0.0027478933,0.0,0.0,0.0,-0.050297584,-0.0058086887,-0.00076276064,0.0,0.0,0.0,0.0,0.0,0.0
636883459,636693212,0.0,0.0,0.0,0.0,0.0,0.0,nan,nan,nan,0.0012027323,0.0077233315,-0.013322532,0.0,0.42665082,0.0,0.0,0.0,0.0,0.0,0.0,-0.0049717426,0.0,0.0,0.0,0.045124054,0.021738764,-0.0021053553,0.0,0.0,0.0,0.0,0.0,0.0
637383459,637193211,0.0,0.0,0.0,0.0,0.0,0.0,nan,nan,nan,-0.003965616,0.005195856,-0.022945285,0.0,1.1708148,0.0,0.0,0.0,0.0,0.0,0.0,0.0070911646,0.0,0.0,0.0,0.040754613,-0.017164208,-0.0002722144,0.0,0.0,0.0,0.0,0.0,0.0
637883488,637693217,0.0,0.0,0.0,0.0,0.0,0.0,nan,nan,nan,0.0039663315,-0.011379242,-0.035093665,0.0,1.3149822,0.0,0.0,0.0,0.0,0.0,0.0,0.007074237,0.0,0.0,0.0,-0.030245675,-0.053750195,0.0001090765,0.0,0.0,0.0,0.0,0.0,0.0
638383459,638193212,0.0,0.0,0.0,0.0,0.0,0.0,nan,nan,nan,0.008930057,-0.011002541,-0.03094548,0.0,1.4861588,0.0,0.0,0.0,0.0,0.0,0.0,0.00506258,0.0,0.0,0.0,0.030507302,0.0111324005,-0.0015208721,0.0,0.0,0.0,0.0,0.0,0.0
638893457,638703212,0.0,0.0,0.0,0.0,0.0,0.0,nan,nan,nan,-0.0068992674,-0.00042438507,-0.019860148,0.0,0.9825008,0.0,0.0,0.0,0.0,0.0,0.0,0.0010094643,0.0,0.0,0.0,-0.058019392,0.020978916,-0.0012882352,0.0,0.0,0.0,0.0,0.0,0.0
639393460,639203211,0.0,0.0,0.0,0.0,0.0,0.0,nan,nan,nan,-0.01326412,-0.042559147,-0.024427712,0.0,1.2076335,0.0,0.0,0.0,0.0,0.0,0.0,0.0039691925,0.0,0.0,0.0,-0.007397011,0.02517939,-0.000623703,0.0,0.0,0.0,0.0,0.0,0.0
639883458,639693214,0.0,0.0,0.0,0.0,0.0,0.0,nan,nan,nan,-0.007737726,-0.03343463,-0.0052330494,0.0,0.9683937,0.0,0.0,0.0,0.0,0.0,0.0,0.00084221363,0.0,0.0,0.0,-0.01968941,0.0769257,-0.0039503574,0.0,0.0,0.0,0.0,0.0,0.0
640383474,640193211,0.0,0.0,0.0,0.0,0.0,0.0,nan,nan,nan,-0.012262166,-0.004198551,-0.00029152632,0.0,0.8904279,0.0,0.0,0.0,0.0,0.0,0.0,0.0029228926,0.0,0.0,0.0,0.038678166,-0.0693378,-0.0024642348,0.0,0.0,0.0,0.0,0.0,0.0
640883455,640693213,0.0,0.0,0.0,0.0,0.0,0.0,nan,nan,nan,-0.004959911,0.021861553,-0.017180681,0.0,1.083547,0.0,0.0,0.0,0.0,0.0,0.0,0.0005352497,0.0,0.0,0.0,0.038490698,-0.023163324,-0.00077956915,0.0,0.0,0.0,0.0,0.0,0.0
641383458,641193212,0.0,0.0,0.0,0.0,0.0,0.0,nan,nan,nan,-0.019886672,0.0563612,-0.023830414,0.0,0.63383734,0.0,0.0,0.0,0.0,0.0,0.0,0.004209757,0.0,0.0,0.0,-0.042927027,0.031591706,-0.0016754866,0.0,0.0,0.0,0.0,0.0,0.0
641883463,641693214,0.0,0.0,0.0,0.0,0.0,0.0,nan,nan,nan,-0.017523527,0.0017104149,-0.02310729,0.0,0.96363366,0.0,0.0,0.0,0.0,0.0,0.0,0.004137397,0.0,0.0,0.0,0.11532682,0.06320668,-0.012816906,0.0,0.0,0.0,0.0,0.0,0.0
642393458,642203211,0.0,0.0,0.0,0.0,0.0,0.0,nan,nan,nan,-0.014202327,-0.007008314,-0.010286093,0.0,0.76696813,0.0,0.0,0.0,0.0,0.0,0.0,0.007891417,0.0,0.0,0.0,0.022247655,-0.06998932,-0.001388073,0.0,0.0,0.0,0.0,0.0,0.0
642893485,642703211,0.0,0.0,0.0,0.0,0.0,0.0,nan,nan,nan,0.0011768341,-0.0027234554,-0.0007491112,0.0,0.9814472,0.0,0.0,0.0,0.0,0.0,0.0,-0.0009762049,0.0,0.0,0.0,-0.0064370558,-0.09785116,-0.0032246113,0.0,0.0,0.0,0.0,0.0,0.0
643383462,643193214,0.0,0.0,0.0,0.0,0.0,0.0,nan,nan,nan,-0.00998795,0.006695509,0.007371545,0.0,0.6974319,0.0,0.0,0.0,0.0,0.0,0.0,0.0021175146,0.0,0.0,0.0,0.023459377,0.005889764,-0.00029838085,0.0,0.0,0.0,0.0,0.0,0.0
643883462,643693211,0.0,0.0,0.0,0.0,0.0,0.0,nan,nan,nan,0.0053785443,-0.0005595684,0.009706855,0.0,0.54128325,0.0,0.0,0.0,0.0,0.0,0.0,-0.0021853447,0.0,0.0,0.0,-0.03220778,-0.103806034,-0.0048871636,0.0,0.0,0.0,0.0,0.0,0.0
644383490,644193212,0.0,0.0,0.0,0.0,0.0,0.0,nan,nan,nan,-0.0007417947,-0.0068130493,0.014471173,0.0,0.45786512,0.0,0.0,0.0,0.0,0.0,0.0,-0.001773715,0.0,0.0,0.0,-0.02063731,0.088633254,-0.00415498,0.0,0.0,0.0,0.0,0.0,0.0
644883461,644693212,0.0,0.0,0.0,0.0,0.0,0.0,nan,nan,nan,0.007985219,0.0038471222,0.015813112,0.0,0.41614473,0.0,0.0,0.0,0.0,0.0,0.0,0.00083339214,0.0,0.0,0.0,0.007506499,0.0086617125,1.835823e-05,0.0,0.0,0.0,0.0,0.0,0.0
645383464,645193211,0.0,0.0,0.0,0.0,0.0,0.0,nan,nan,nan,0.013204217,-0.0021181107,0.0017118454,0.0,0.497177,0.0,0.0,0.0,0.0,0.0,0.0,0.00052165985,0.0,0.0,0.0,0.088856615,-0.057737477,0.0006117821,0.0,0.0,0.0,0.0,0.0,0.0
645893464,645703211,0.0,0.0,0.0,0.0,0.0,0.0,nan,nan,nan,0.012009144,-0.0029923916,-0.040548325,0.0,0.40210724,0.0,0.0,0.0,0.0,0.0,0.0,0.00091707706,0.0,0.0,0.0,0.082157105,0.038571417,-0.00016218424,0.0,0.0,0.0,0.0,0.0,0.0
646393484,646203212,0.0,0.0,0.0,0.0,0.0,0.0,nan,nan,nan,0.09724876,-0.06410217,-0.108738065,0.0,-0.0,0.0,0.0,0.0,0.0,0.0,0.0,0.23374152,0.0,0.0,0.0,0.23816419,-0.5424156,1.0579956,0.0,0.0,0.0,0.0,0.0,0.0
646883457,646693211,0.0,0.0,0.0,0.0,0.0,0.0,nan,nan,nan,0.19349223,-0.029835701,-0.514722,0.0,2.514335,0.0,0.0,0.0,0.0,0.0,0.0,-0.21037316,0.0,0.0,0.0,0.48936936,-0.031607628,0.33284616,0.0,0.0,0.0,0.0,0.0,0.0
647383460,647193212,0.0,0.0,0.0,0.0,0.0,0.0,nan,nan,nan,0.04626751,0.0715909,-0.21124029,0.0,2.9106648,0.0,0.0,0.0,0.0,0.0,0.0,-0.2171104,0.0,0.0,0.0,0.05844774,-0.059606493,0.05422288,0.0,0.0,0.0,0.0,0.0,0.0
647883458,647693212,0.0,0.0,0.0,0.0,0.0,0.0,nan,nan,nan,-0.10757738,0.14308596,0.12363613,0.0,3.1734262,0.0,0.0,0.0,0.0,0.0,0.0,-0.23695815,0.0,0.0,0.0,-0.031937752,0.096258104,-0.06805205,0.0,0.0,0.0,0.0,0.0,0.0
648383462,648193211,0.0,0.0,0.0,0.0,0.0,0.0,nan,nan,nan,-0.0891608,0.15538144,0.42323446,0.0,0.60588,0.0,0.0,0.0,0.0,0.0,0.0,-0.24923897,0.0,0.0,0.0,-0.08977208,-0.010202169,0.01507169,0.0,0.0,0.0,0.0,0.0,0.0
648883457,648693212,0.0,0.0,0.0,0.0,0.0,0.0,nan,nan,nan,0.0370993,0.16753316,0.66515374,0.0,0.78979516,0.0,0.0,0.0,0.0,0.0,0.0,-0.24694526,0.0,0.0,0.0,-0.043813497,-0.037420988,0.032297492,0.0,0.0,0.0,0.0,0.0,0.0
649393460,649203213,0.0,0.0,0.0,0.0,0.0,0.0,nan,nan,nan,0.094566226,0.15238237,1.2073907,0.0,1.2097423,0.0,0.0,0.0,0.0,0.0,0.0,-0.22925413,0.0,0.0,0.0,-0.011581337,-0.014027715,0.011146426,0.0,0.0,0.0,0.0,0.0,0.0
649893459,649703212,0.0,0.0,0.0,0.0,0.0,0.0,nan,nan,nan,0.08442819,0.11258364,1.763919,0.0,1.6426919,0.0,0.0,0.0,0.0,0.0,0.0,-0.22113144,0.0,0.0,0.0,0.013867014,-0.012473762,0.009319544,0.0,0.0,0.0,0.0,0.0,0.0
650383460,650193211,0.0,0.0,0.0,0.0,0.0,0.0,nan,nan,nan,0.062215447,0.057905436,2.395167,0.0,1.6789293,0.0,0.0,0.0,0.0,0.0,0.0,-0.19371605,0.0,0.0,0.0,0.021021191,-0.008441627,0.0061265826,0.0,0.0,0.0,0.0,0.0,0.0
650883452,650693211,0.0,0.0,0.0,0.0,0.0,0.0,nan,nan,nan,0.043354094,0.031275988,3.0540144,0.0,2.1395607,0.0,0.0,0.0,0.0,0.0,0.0,-0.17893493,0.0,0.0,0.0,0.020163605,5.841255e-06,-0.00036472082,0.0,0.0,0.0,0.0,0.0,0.0
651383457,651193211,0.0,0.0,0.0,0.0,0.0,0.0,nan,nan,nan,0.026250184,-0.0018250942,3.6513722,0.0,2.408876,0.0,0.0,0.0,0.0,0.0,0.0,-0.16867709,0.0,0.0,0.0,0.02083712,-0.000998795,0.00039291382,0.0,0.0,0.0,0.0,0.0,0.0
651883453,651693212,0.0,0.0,0.0,0.0,0.0,0.0,nan,nan,nan,0.01354897,-0.018571615,4.2671895,0.0,2.2769961,0.0,0.0,0.0,0.0,0.0,0.0,-0.12684476,0.0,0.0,0.0,0.015407178,0.00054883957,-0.00075519085,0.0,0.0,0.0,0.0,0.0,0.0
652383458,652193211,0.0,0.0,0.0,0.0,0.0,0.0,nan,nan,nan,-0.056450278,-0.052361727,4.84169,0.0,2.4602814,0.0,0.0,0.0,0.0,0.0,0.0,-2.9982986,0.0,0.0,0.0,0.00781849,-0.0027996898,0.0019433498,0.0,0.0,0.0,0.0,0.0,0.0
652893492,652703212,0.0,0.0,0.0,0.0,0.0,0.0,nan,nan,nan,-0.16435277,-0.054749727,5.247752,0.0,2.5149035,0.0,0.0,0.0,0.0,0.0,0.0,-2.976277,0.0,0.0,0.0,-0.00016682968,-0.007924259,0.0061098933,0.0,0.0,0.0,0.0,0.0,0.0
653393469,653203213,0.0,0.0,0.0,0.0,0.0,0.0,nan,nan,nan,-0.42449367,0.0018744469,5.5041156,0.0,2.562304,0.0,0.0,0.0,0.0,0.0,0.0,-0.019123316,0.0,0.0,0.0,-0.0012329835,-0.010974705,0.008588672,0.0,0.0,0.0,0.0,0.0,0.0
