timestamp,timestamp_sample,roll,pitch,yaw,throttle,flaps,aux1,aux2,aux3,aux4,aux5,aux6,buttons,valid,data_source,sticks_moving
630497491,630496527,0.0,-0.0,1.0,-1.0,0.0,0.0,0.0,0.0,0.0,0.0,0.0,0,1,1,0
630697600,630496527,0.0,-0.0,1.0,-1.0,0.0,0.0,0.0,0.0,0.0,0.0,0.0,0,1,1,0
630755276,630496527,0.0,-0.0,1.0,-1.0,0.0,0.0,0.0,0.0,0.0,0.0,0.0,0,1,1,0
630798566,630797598,0.0,-0.0,1.0,-1.0,0.0,0.0,0.0,0.0,0.0,0.0,0.0,0,1,1,0
630998579,630797598,0.0,-0.0,1.0,-1.0,0.0,0.0,0.0,0.0,0.0,0.0,0.0,0,1,1,0
631103521,631102477,0.0,-0.0,1.0,-1.0,0.0,0.0,0.0,0.0,0.0,0.0,0.0,0,1,1,0
631303612,631102477,0.0,-0.0,1.0,-1.0,0.0,0.0,0.0,0.0,0.0,0.0,0.0,0,1,1,0
631408238,631407216,0.0,-0.0,1.0,-1.0,0.0,0.0,0.0,0.0,0.0,0.0,0.0,0,1,1,0
631517191,631516203,0.0,-0.0,0.9795455,-1.0,0.0,0.0,0.0,0.0,0.0,0.0,0.0,0,1,1,0
631539006,631537992,0.0,-0.0,0.95909095,-1.0,0.0,0.0,0.0,0.0,0.0,0.0,0.0,0,1,1,0
631560599,631559635,0.0,-0.0,0.9386364,-1.0,0.0,0.0,0.0,0.0,0.0,0.0,0.0,0,1,1,1
631591138,631590158,0.0,-0.0,0.87272733,-1.0,0.0,0.0,0.0,0.0,0.0,0.0,0.0,0,1,1,1
631613161,631612188,0.0,-0.0,0.8181819,-1.0,0.0,0.0,0.0,0.0,0.0,0.0,0.0,0,1,1,1
631634965,631634001,0.0,-0.0,0.77500004,-1.0,0.0,0.0,0.0,0.0,0.0,0.0,0.0,0,1,1,1
631656914,631655678,0.0,-0.0,0.7159091,-1.0,0.0,0.0,0.0,0.0,0.0,0.0,0.0,0,1,1,1
631678592,631677599,0.0,-0.0,0.6545455,-1.0,0.0,0.0,0.0,0.0,0.0,0.0,0.0,0,1,1,1
631700190,631699222,0.0,-0.0,0.5500001,-0.98409086,0.0,0.0,0.0,0.0,0.0,0.0,0.0,0,1,1,1
631722210,631720807,0.0,-0.0,0.44772732,-0.9363636,0.0,0.0,0.0,0.0,0.0,0.0,0.0,0,1,1,1
631744026,631743047,0.0,-0.0,0.36136368,-0.90681815,0.0,0.0,0.0,0.0,0.0,0.0,0.0,0,1,1,1
631765691,631764695,0.0,-0.0,0.2863637,-0.890909,0.0,0.0,0.0,0.0,0.0,0.0,0.0,0,1,1,1
631787489,631786524,0.0,-0.0,0.22272733,-0.86818177,0.0,0.0,0.0,0.0,0.0,0.0,0.0,0,1,1,1
631809323,631808199,0.0,-0.0,0.10000006,-0.815909,0.0,0.0,0.0,0.0,0.0,0.0,0.0,0,1,1,1
631830903,631829938,0.0,-0.0,0.0,-0.7636363,0.0,0.0,0.0,0.0,0.0,0.0,0.0,0,1,1,1
631853584,631852241,0.0,-0.0,0.0,-0.7295454,0.0,0.0,0.0,0.0,0.0,0.0,0.0,0,1,1,1
631875203,631874226,0.0,-0.0,0.0,-0.6999999,0.0,0.0,0.0,0.0,0.0,0.0,0.0,0,1,1,1
631896941,631895818,0.0,-0.0,0.0,-0.6409091,0.0,0.0,0.0,0.0,0.0,0.0,0.0,0,1,1,1
631918590,631917599,0.0,-0.0,0.0,-0.565909,0.0,0.0,0.0,0.0,0.0,0.0,0.0,0,1,1,1
631940251,631939223,0.0,-0.0,0.0,-0.47499996,0.0,0.0,0.0,0.0,0.0,0.0,0.0,0,1,1,1
631962120,631960889,0.0,-0.0,0.0,-0.38181815,0.0,0.0,0.0,0.0,0.0,0.0,0.0,0,1,1,1
631983914,631982757,0.0,-0.0,0.0,-0.30909088,0.0,0.0,0.0,0.0,0.0,0.0,0.0,0,1,1,1
632005587,632004595,0.0,-0.0,0.0,-0.26363632,0.0,0.0,0.0,0.0,0.0,0.0,0.0,0,1,1,1
632027218,632026242,0.0,-0.0,0.0,-0.2022727,0.0,0.0,0.0,0.0,0.0,0.0,0.0,0,1,1,1
632048866,632047896,0.0,-0.0,0.0,-0.14545451,0.0,0.0,0.0,0.0,0.0,0.0,0.0,0,1,1,1
632070447,632069482,0.0,-0.0,0.0,-0.081818156,0.0,0.0,0.0,0.0,0.0,0.0,0.0,0,1,1,1
632092135,632091097,0.0,-0.0,0.0,-0.02272725,0.0,0.0,0.0,0.0,0.0,0.0,0.0,0,1,1,1
632113949,632112777,0.0,-0.0,0.0,0.0,0.0,0.0,0.0,0.0,0.0,0.0,0.0,0,1,1,1
632313997,632112777,0.0,-0.0,0.0,0.0,0.0,0.0,0.0,0.0,0.0,0.0,0.0,0,1,1,1
632417912,632416848,0.0,-0.0,0.0,0.0,0.0,0.0,0.0,0.0,0.0,0.0,0.0,0,1,1,1
632617926,632416848,0.0,-0.0,0.0,0.0,0.0,0.0,0.0,0.0,0.0,0.0,0.0,0,1,1,1
632730201,632729222,0.0,-0.0,0.0,0.0,0.0,0.0,0.0,0.0,0.0,0.0,0.0,0,1,1,0
632752262,632750859,0.0,-0.0,0.0,0.006818246,0.0,0.0,0.0,0.0,0.0,0.0,0.0,0,1,1,0
632774024,632773018,0.0,-0.0,0.0,0.02045461,0.0,0.0,0.0,0.0,0.0,0.0,0.0,0,1,1,0
632795684,632794694,0.0,-0.0,0.0,0.02727279,0.0,0.0,0.0,0.0,0.0,0.0,0.0,0,1,1,1
632817480,632816475,0.0,-0.0,0.0,0.038636427,0.0,0.0,0.0,0.0,0.0,0.0,0.0,0,1,1,1
632839253,632838199,0.0,-0.0,0.0,0.054545518,0.0,0.0,0.0,0.0,0.0,0.0,0.0,0,1,1,1
632860858,632859894,0.0,-0.0,0.0,0.056818243,0.0,0.0,0.0,0.0,0.0,0.0,0.0,0,1,1,1
632883067,632881875,0.0,-0.0,0.0,0.0613637,0.0,0.0,0.0,0.0,0.0,0.0,0.0,0,1,1,1
632904838,632903859,0.0,-0.0,0.0,0.06818188,0.0,0.0,0.0,0.0,0.0,0.0,0.0,0,1,1,1
632926545,632925464,0.0,-0.0,0.0,0.07727279,0.0,0.0,0.0,0.0,0.0,0.0,0.0,0,1,1,1
632948156,632947187,0.0,-0.0,0.0,0.0954546,0.0,0.0,0.0,0.0,0.0,0.0,0.0,0,1,1,1
632969812,632968846,0.0,-0.0,0.0,0.10000006,0.0,0.0,0.0,0.0,0.0,0.0,0.0,0,1,1,1
633013605,633012361,0.0,-0.0,0.0,0.10454552,0.0,0.0,0.0,0.0,0.0,0.0,0.0,0,1,1,1
633035274,633034307,0.0,-0.0,0.0,0.11590915,0.0,0.0,0.0,0.0,0.0,0.0,0.0,0,1,1,1
633056942,633055945,0.0,-0.0,0.0,0.13181823,0.0,0.0,0.0,0.0,0.0,0.0,0.0,0,1,1,1
633078567,633077601,0.0,-0.0,0.0,0.14090915,0.0,0.0,0.0,0.0,0.0,0.0,0.0,0,1,1,1
633100210,633099207,0.0,-0.0,0.0,0.1454546,0.0,0.0,0.0,0.0,0.0,0.0,0.0,0,1,1,1
633122220,633120980,0.0,-0.0,0.0,0.15000007,0.0,0.0,0.0,0.0,0.0,0.0,0.0,0,1,1,1
633144043,633143076,0.0,-0.0,0.0,0.15909097,0.0,0.0,0.0,0.0,0.0,0.0,0.0,0,1,1,1
633165661,633164695,0.0,-0.0,0.0,0.1704546,0.0,0.0,0.0,0.0,0.0,0.0,0.0,0,1,1,1
633187480,633186494,0.0,-0.0,0.0,0.17727278,0.0,0.0,0.0,0.0,0.0,0.0,0.0,0,1,1,1
633209325,633208228,0.0,-0.0,0.0,0.18409097,0.0,0.0,0.0,0.0,0.0,0.0,0.0,0,1,1,1
633230988,633230000,0.0,-0.0,0.0,0.18863642,0.0,0.0,0.0,0.0,0.0,0.0,0.0,0,1,1,1
633253226,633252221,0.0,-0.0,0.0,0.19772734,0.0,0.0,0.0,0.0,0.0,0.0,0.0,0,1,1,1
633274965,633273999,0.0,-0.0,0.0,0.20909096,0.0,0.0,0.0,0.0,0.0,0.0,0.0,0,1,1,1
633296610,633295630,0.0,-0.0,0.0,0.2204546,0.0,0.0,0.0,0.0,0.0,0.0,0.0,0,1,1,1
633318241,633317226,0.0,-0.0,0.0,0.22954552,0.0,0.0,0.0,0.0,0.0,0.0,0.0,0,1,1,1
633340169,633339072,0.0,-0.0,0.0,0.24545461,0.0,0.0,0.0,0.0,0.0,0.0,0.0,0,1,1,1
633362133,633360828,0.0,-0.0,0.0,0.25681823,0.0,0.0,0.0,0.0,0.0,0.0,0.0,0,1,1,1
633383917,633382759,0.0,-0.0,0.0,0.2636364,0.0,0.0,0.0,0.0,0.0,0.0,0.0,0,1,1,1
633405558,633404593,0.0,-0.0,0.0,0.26818186,0.0,0.0,0.0,0.0,0.0,0.0,0.0,0,1,1,1
633448869,633447884,0.0,-0.0,0.0,0.27272734,0.0,0.0,0.0,0.0,0.0,0.0,0.0,0,1,1,1
633470553,633469551,0.0,-0.0,0.0,0.2772728,0.0,0.0,0.0,0.0,0.0,0.0,0.0,0,1,1,0
633492141,633491171,0.0,-0.0,0.0,0.28409097,0.0,0.0,0.0,0.0,0.0,0.0,0.0,0,1,1,0
633513933,633512761,0.0,-0.0,0.0,0.2863637,0.0,0.0,0.0,0.0,0.0,0.0,0.0,0,1,1,0
633535593,633534614,0.0,-0.0,0.0,0.28863642,0.0,0.0,0.0,0.0,0.0,0.0,0.0,0,1,1,0
633557235,633556230,0.0,-0.0,0.0,0.29318187,0.0,0.0,0.0,0.0,0.0,0.0,0.0,0,1,1,0
633579025,633578053,0.0,-0.0,0.0,0.2954546,0.0,0.0,0.0,0.0,0.0,0.0,0.0,0,1,1,0
633609153,633608176,0.0,-0.0,0.0,0.3022728,0.0,0.0,0.0,0.0,0.0,0.0,0.0,0,1,1,0
633630753,633629778,0.0,-0.0,0.0,0.30909097,0.0,0.0,0.0,0.0,0.0,0.0,0.0,0,1,1,0
633653170,633651862,0.0,-0.0,0.0,0.31363642,0.0,0.0,0.0,0.0,0.0,0.0,0.0,0,1,1,0
633674818,633673846,0.0,-0.0,0.0,0.31590915,0.0,0.0,0.0,0.0,0.0,0.0,0.0,0,1,1,0
633696515,633695464,0.0,-0.0,0.0,0.31818187,0.0,0.0,0.0,0.0,0.0,0.0,0.0,0,1,1,0
633718226,633717225,0.0,-0.0,0.0,0.3204546,0.0,0.0,0.0,0.0,0.0,0.0,0.0,0,1,1,0
633739834,633738870,0.0,-0.0,0.0,0.32500005,0.0,0.0,0.0,0.0,0.0,0.0,0.0,0,1,1,0
633761801,633760474,0.0,-0.0,0.0,0.32727277,0.0,0.0,0.0,0.0,0.0,0.0,0.0,0,1,1,0
633783575,633782418,0.0,-0.0,0.0,0.33409098,0.0,0.0,0.0,0.0,0.0,0.0,0.0,0,1,1,0
633805275,633804216,0.0,-0.0,0.0,0.33863643,0.0,0.0,0.0,0.0,0.0,0.0,0.0,0,1,1,0
633826939,633825961,0.0,-0.0,0.0,0.3454546,0.0,0.0,0.0,0.0,0.0,0.0,0.0,0,1,1,0
633848567,633847602,0.0,-0.0,0.0,0.35909095,0.0,0.0,0.0,0.0,0.0,0.0,0.0,0,1,1,0
633870177,633869212,0.0,-0.0,0.0,0.3636364,0.0,0.0,0.0,0.0,0.0,0.0,0.0,0,1,1,0
633892211,633890802,0.0,-0.0,0.0,0.36590913,0.0,0.0,0.0,0.0,0.0,0.0,0.0,0,1,1,0
633914064,633913049,0.0,-0.0,0.0,0.3704546,0.0,0.0,0.0,0.0,0.0,0.0,0.0,0,1,1,0
633935753,633934766,0.0,-0.0,0.0,0.37272733,0.0,0.0,0.0,0.0,0.0,0.0,0.0,0,1,1,0
633957621,633956610,0.0,-0.0,0.0,0.37500006,0.0,0.0,0.0,0.0,0.0,0.0,0.0,0,1,1,0
634157633,633956610,0.0,-0.0,0.0,0.37500006,0.0,0.0,0.0,0.0,0.0,0.0,0.0,0,1,1,0
634218598,634217634,0.0,-0.0,0.0,0.37272733,0.0,0.0,0.0,0.0,0.0,0.0,0.0,0,1,1,0
634283931,634282754,0.0,-0.0,0.0,0.3704546,0.0,0.0,0.0,0.0,0.0,0.0,0.0,0,1,1,0
634348867,634347892,0.0,-0.0,0.0,0.36818188,0.0,0.0,0.0,0.0,0.0,0.0,0.0,0,1,1,0
634370561,634369499,0.0,-0.0,0.0,0.36590913,0.0,0.0,0.0,0.0,0.0,0.0,0.0,0,1,1,0
634392207,634391180,0.0,-0.0,0.0,0.3636364,0.0,0.0,0.0,0.0,0.0,0.0,0.0,0,1,1,0
634413999,634413013,0.0,-0.0,0.0,0.35909095,0.0,0.0,0.0,0.0,0.0,0.0,0.0,0,1,1,0
634500555,634499555,0.0,-0.0,0.0,0.35681823,0.0,0.0,0.0,0.0,0.0,0.0,0.0,0,1,1,0
634522208,634521172,0.0,-0.0,0.0,0.3545455,0.0,0.0,0.0,0.0,0.0,0.0,0.0,0,1,1,0
634565615,634564651,0.0,-0.0,0.0,0.35227278,0.0,0.0,0.0,0.0,0.0,0.0,0.0,0,1,1,0
634617082,634616091,0.0,-0.0,0.0,0.35000005,0.0,0.0,0.0,0.0,0.0,0.0,0.0,0,1,1,0
634638868,634637752,0.0,-0.0,0.0,0.3454546,0.0,0.0,0.0,0.0,0.0,0.0,0.0,0,1,1,0
634660551,634659484,0.0,-0.0,0.0,0.34090915,0.0,0.0,0.0,0.0,0.0,0.0,0.0,0,1,1,0
634724817,634723845,0.0,-0.0,0.0,0.33863643,0.0,0.0,0.0,0.0,0.0,0.0,0.0,0,1,1,0
634746513,634745463,0.0,-0.0,0.0,0.3363637,0.0,0.0,0.0,0.0,0.0,0.0,0.0,0,1,1,0
634768147,634767165,0.0,-0.0,0.0,0.33181822,0.0,0.0,0.0,0.0,0.0,0.0,0.0,0,1,1,0
634789808,634767165,0.0,-0.0,0.0,0.33181822,0.0,0.0,0.0,0.0,0.0,0.0,0.0,0,1,1,0
634811748,634810471,0.0,-0.0,0.0,0.3295455,0.0,0.0,0.0,0.0,0.0,0.0,0.0,0,1,1,0
634833607,634832374,0.0,-0.0,0.0,0.32727277,0.0,0.0,0.0,0.0,0.0,0.0,0.0,0,1,1,0
634876930,634875944,0.0,-0.0,0.0,0.32500005,0.0,0.0,0.0,0.0,0.0,0.0,0.0,0,1,1,0
634963925,634962817,0.0,-0.0,0.0,0.32272732,0.0,0.0,0.0,0.0,0.0,0.0,0.0,0,1,1,0
634985644,634984662,0.0,-0.0,0.0,0.3204546,0.0,0.0,0.0,0.0,0.0,0.0,0.0,0,1,1,0
635029144,635028179,0.0,-0.0,0.0,0.31818187,0.0,0.0,0.0,0.0,0.0,0.0,0.0,0,1,1,0
635073036,635071836,0.0,-0.0,0.0,0.31590915,0.0,0.0,0.0,0.0,0.0,0.0,0.0,0,1,1,0
635116545,635115461,0.0,-0.0,0.0,0.3113637,0.0,0.0,0.0,0.0,0.0,0.0,0.0,0,1,1,0
635138241,635137187,0.0,-0.0,0.0,0.30909097,0.0,0.0,0.0,0.0,0.0,0.0,0.0,0,1,1,0
635159886,635158904,0.0,-0.0,0.0,0.30681825,0.0,0.0,0.0,0.0,0.0,0.0,0.0,0,1,1,0
635181723,635180537,0.0,-0.0,0.0,0.30454552,0.0,0.0,0.0,0.0,0.0,0.0,0.0,0,1,1,0
635203514,635202427,0.0,-0.0,0.0,0.30000004,0.0,0.0,0.0,0.0,0.0,0.0,0.0,0,1,1,0
635225177,635224141,0.0,-0.0,0.0,0.29772732,0.0,0.0,0.0,0.0,0.0,0.0,0.0,0,1,1,0
635247004,635245808,0.0,-0.0,0.0,0.2954546,0.0,0.0,0.0,0.0,0.0,0.0,0.0,0,1,1,0
635268602,635267635,0.0,-0.0,0.0,0.29318187,0.0,0.0,0.0,0.0,0.0,0.0,0.0,0,1,1,0
635312154,635310889,0.0,-0.0,0.0,0.29090914,0.0,0.0,0.0,0.0,0.0,0.0,0.0,0,1,1,0
635334002,635333016,0.0,-0.0,0.0,0.2863637,0.0,0.0,0.0,0.0,0.0,0.0,0.0,0,1,1,0
635377175,635376207,0.0,-0.0,0.0,0.28409097,0.0,0.0,0.0,0.0,0.0,0.0,0.0,0,1,1,0
635485602,635484635,0.0,-0.0,0.0,0.28181824,0.0,0.0,0.0,0.0,0.0,0.0,0.0,0,1,1,0
635507218,635506247,0.0,-0.0,0.0,0.27954552,0.0,0.0,0.0,0.0,0.0,0.0,0.0,0,1,1,0
635528897,635527914,0.0,-0.0,0.0,0.2772728,0.0,0.0,0.0,0.0,0.0,0.0,0.0,0,1,1,0
635710600,635709632,0.0,-0.0,0.0,0.27954552,0.0,0.0,0.0,0.0,0.0,0.0,0.0,0,1,1,0
635732199,635731232,0.0,-0.0,0.0,0.28181824,0.0,0.0,0.0,0.0,0.0,0.0,0.0,0,1,1,0
635754119,635753153,0.0,-0.0,0.0,0.28409097,0.0,0.0,0.0,0.0,0.0,0.0,0.0,0,1,1,0
635775773,635774792,0.0,-0.0,0.0,0.2863637,0.0,0.0,0.0,0.0,0.0,0.0,0.0,0,1,1,0
635797624,635774792,0.0,-0.0,0.0,0.2863637,0.0,0.0,0.0,0.0,0.0,0.0,0.0,0,1,1,0
635819253,635818249,0.0,-0.0,0.0,0.2954546,0.0,0.0,0.0,0.0,0.0,0.0,0.0,0,1,1,0
635840841,635839876,0.0,-0.0,0.0,0.30000004,0.0,0.0,0.0,0.0,0.0,0.0,0.0,0,1,1,0
635863021,635861843,0.0,-0.0,0.0,0.3022728,0.0,0.0,0.0,0.0,0.0,0.0,0.0,0,1,1,0
636015179,636014146,0.0,-0.0,0.0,0.30454552,0.0,0.0,0.0,0.0,0.0,0.0,0.0,0,1,1,0
636123893,636122774,0.0,-0.0,0.0,0.30681825,0.0,0.0,0.0,0.0,0.0,0.0,0.0,0,1,1,0
636167205,636166181,0.0,-0.0,0.0,0.30909097,0.0,0.0,0.0,0.0,0.0,0.0,0.0,0,1,1,0
636232208,636231205,0.0,-0.0,0.0,0.3113637,0.0,0.0,0.0,0.0,0.0,0.0,0.0,0,1,1,0
636254152,636253149,0.0,-0.0,0.0,0.31590915,0.0,0.0,0.0,0.0,0.0,0.0,0.0,0,1,1,0
636275820,636274837,0.0,-0.0,0.0,0.31818187,0.0,0.0,0.0,0.0,0.0,0.0,0.0,0,1,1,0
636297696,636296731,0.0,-0.0,0.0,0.32272732,0.0,0.0,0.0,0.0,0.0,0.0,0.0,0,1,1,0
636319400,636318418,0.0,-0.0,0.0,0.32500005,0.0,0.0,0.0,0.0,0.0,0.0,0.0,0,1,1,0
636341006,636340022,0.0,-0.0,0.0,0.32727277,0.0,0.0,0.0,0.0,0.0,0.0,0.0,0,1,1,0
636363071,636362007,0.0,-0.0,0.0,0.3295455,0.0,0.0,0.0,0.0,0.0,0.0,0.0,0,1,1,0
636384886,636383910,0.0,-0.0,0.0,0.33181822,0.0,0.0,0.0,0.0,0.0,0.0,0.0,0,1,1,0
636406572,636405505,0.0,-0.0,0.0,0.3363637,0.0,0.0,0.0,0.0,0.0,0.0,0.0,0,1,1,0
636428179,636427209,0.0,-0.0,0.0,0.34318188,0.0,0.0,0.0,0.0,0.0,0.0,0.0,0,1,1,0
636450000,636449001,0.0,-0.0,0.0,0.35681823,0.0,0.0,0.0,0.0,0.0,0.0,0.0,0,1,1,0
636472213,636470679,0.0,-0.0,0.0,0.3636364,0.0,0.0,0.0,0.0,0.0,0.0,0.0,0,1,1,0
636494001,636493012,0.0,-0.0,0.0,0.37500006,0.0,0.0,0.0,0.0,0.0,0.0,0.0,0,1,1,1
636537199,636536234,0.0,-0.0,0.0,0.3795455,0.0,0.0,0.0,0.0,0.0,0.0,0.0,0,1,1,0
636558934,636557895,0.0,-0.0,0.0,0.3863637,0.0,0.0,0.0,0.0,0.0,0.0,0.0,0,1,1,0
636602205,636601238,0.0,-0.0,0.0,0.39318186,0.0,0.0,0.0,0.0,0.0,0.0,0.0,0,1,1,0
636624003,636623018,0.0,-0.0,0.0,0.3954546,0.0,0.0,0.0,0.0,0.0,0.0,0.0,0,1,1,0
636654142,636652753,0.0,-0.0,0.0,0.4113637,0.0,0.0,0.0,0.0,0.0,0.0,0.0,0,1,1,0
636675749,636674766,0.0,-0.0,0.0,0.41818187,0.0,0.0,0.0,0.0,0.0,0.0,0.0,0,1,1,0
636697480,636696501,0.0,-0.0,0.0,0.42500004,0.0,0.0,0.0,0.0,0.0,0.0,0.0,0,1,1,0
636719247,636718199,0.0,-0.0,0.0,0.42727277,0.0,0.0,0.0,0.0,0.0,0.0,0.0,0,1,1,0
636740883,636739869,0.0,-0.0,0.0,0.43181825,0.0,0.0,0.0,0.0,0.0,0.0,0.0,0,1,1,0
636763026,636761848,0.0,-0.0,0.0,0.43409097,0.0,0.0,0.0,0.0,0.0,0.0,0.0,0,1,1,0
636784892,636783850,0.0,-0.0,0.0,0.43863642,0.0,0.0,0.0,0.0,0.0,0.0,0.0,0,1,1,0
636806657,636805621,0.0,-0.0,0.0,0.44318187,0.0,0.0,0.0,0.0,0.0,0.0,0.0,0,1,1,0
636828503,636827283,0.0,-0.0,0.0,0.44772732,0.0,0.0,0.0,0.0,0.0,0.0,0.0,0,1,1,0
636850202,636849146,0.0,-0.0,0.0,0.45227277,0.0,0.0,0.0,0.0,0.0,0.0,0.0,0,1,1,0
636872164,636870945,0.0,-0.0,0.0,0.4545455,0.0,0.0,0.0,0.0,0.0,0.0,0.0,0,1,1,0
636894001,636893017,0.0,-0.0,0.0,0.45681822,0.0,0.0,0.0,0.0,0.0,0.0,0.0,0,1,1,0
637023947,637022777,0.0,-0.0,0.0,0.4545455,0.0,0.0,0.0,0.0,0.0,0.0,0.0,0,1,1,0
637067200,637066235,0.0,-0.0,0.0,0.45227277,0.0,0.0,0.0,0.0,0.0,0.0,0.0,0,1,1,0
637132144,637131051,0.0,-0.0,0.0,0.4545455,0.0,0.0,0.0,0.0,0.0,0.0,0.0,0,1,1,0
637154309,637153150,0.0,-0.0,0.0,0.45227277,0.0,0.0,0.0,0.0,0.0,0.0,0.0,0,1,1,0
637306574,637305466,0.0,-0.0,0.0,0.4545455,0.0,0.0,0.0,0.0,0.0,0.0,0.0,0,1,1,0
637349847,637348845,0.0,-0.0,0.0,0.45681822,0.0,0.0,0.0,0.0,0.0,0.0,0.0,0,1,1,0
637393518,637392409,0.0,-0.0,0.0,0.45909095,0.0,0.0,0.0,0.0,0.0,0.0,0.0,0,1,1,0
637415172,637414146,0.0,-0.0,0.0,0.46363643,0.0,0.0,0.0,0.0,0.0,0.0,0.0,0,1,1,0
637436873,637435810,0.0,-0.0,0.0,0.46590915,0.0,0.0,0.0,0.0,0.0,0.0,0.0,0,1,1,0
637524023,637523016,0.0,-0.0,0.0,0.46818188,0.0,0.0,0.0,0.0,0.0,0.0,0.0,0,1,1,0
637724036,637523016,0.0,-0.0,0.0,0.46818188,0.0,0.0,0.0,0.0,0.0,0.0,0.0,0,1,1,0
637792171,637791201,0.0,-0.0,0.0,0.46590915,0.0,0.0,0.0,0.0,0.0,0.0,0.0,0,1,1,0
637814011,637813014,0.0,-0.0,0.0,0.46363643,0.0,0.0,0.0,0.0,0.0,0.0,0.0,0,1,1,0
637857223,637856243,0.0,-0.0,0.0,0.46590915,0.0,0.0,0.0,0.0,0.0,0.0,0.0,0,1,1,0
637878881,637877913,0.0,-0.0,0.0,0.46818188,0.0,0.0,0.0,0.0,0.0,0.0,0.0,0,1,1,0
638078893,637877913,0.0,-0.0,0.0,0.46818188,0.0,0.0,0.0,0.0,0.0,0.0,0.0,0,1,1,0
638183057,638181842,0.0,-0.0,0.0,0.46818188,0.0,0.0,0.0,0.0,0.0,0.0,0.0,0,1,1,0
638313572,638312601,0.0,-0.0,0.0,0.46590915,0.0,0.0,0.0,0.0,0.0,0.0,0.0,0,1,1,0
638356929,638355810,0.0,-0.0,0.0,0.46363643,0.0,0.0,0.0,0.0,0.0,0.0,0.0,0,1,1,0
638378565,638377599,0.0,-0.0,0.0,0.45909095,0.0,0.0,0.0,0.0,0.0,0.0,0.0,0,1,1,0
638400202,638399219,0.0,-0.0,0.0,0.4545455,0.0,0.0,0.0,0.0,0.0,0.0,0.0,0,1,1,0
638422104,638420859,0.0,-0.0,0.0,0.45000005,0.0,0.0,0.0,0.0,0.0,0.0,0.0,0,1,1,0
638443894,638442748,0.0,-0.0,0.0,0.44772732,0.0,0.0,0.0,0.0,0.0,0.0,0.0,0,1,1,0
638465563,638464511,0.0,-0.0,0.0,0.43409097,0.0,0.0,0.0,0.0,0.0,0.0,0.0,0,1,1,0
638487166,638486182,0.0,-0.0,0.0,0.42272732,0.0,0.0,0.0,0.0,0.0,0.0,0.0,0,1,1,0
638508902,638507785,0.0,-0.0,0.0,0.40454552,0.0,0.0,0.0,0.0,0.0,0.0,0.0,0,1,1,1
638530589,638529593,0.0,-0.0,0.0,0.38409096,0.0,0.0,0.0,0.0,0.0,0.0,0.0,0,1,1,1
638552302,638551227,0.0,-0.0,0.0,0.32500005,0.0,0.0,0.0,0.0,0.0,0.0,0.0,0,1,1,1
638573998,638573012,0.0,-0.0,0.0,0.31590915,0.0,0.0,0.0,0.0,0.0,0.0,0.0,0,1,1,1
638595660,638594688,0.0,-0.0,0.0,0.28863642,0.0,0.0,0.0,0.0,0.0,0.0,0.0,0,1,1,1
638617481,638616470,0.0,-0.0,0.0,0.27500007,0.0,0.0,0.0,0.0,0.0,0.0,0.0,0,1,1,1
638639255,638638231,0.0,-0.0,0.0,0.2636364,0.0,0.0,0.0,0.0,0.0,0.0,0.0,0,1,1,1
638660833,638659869,0.0,-0.0,0.0,0.25227278,0.0,0.0,0.0,0.0,0.0,0.0,0.0,0,1,1,1
638690768,638689782,0.0,-0.0,0.0,0.22954552,0.0,0.0,0.0,0.0,0.0,0.0,0.0,0,1,1,1
638713035,638711933,0.0,-0.0,0.0,0.21818188,0.0,0.0,0.0,0.0,0.0,0.0,0.0,0,1,1,1
638755425,638754451,0.0,-0.0,0.0,0.20227279,0.0,0.0,0.0,0.0,0.0,0.0,0.0,0,1,1,1
638777107,638776118,0.0,-0.0,0.0,0.18181825,0.0,0.0,0.0,0.0,0.0,0.0,0.0,0,1,1,1
638798936,638797749,0.0,-0.0,0.0,0.16590916,0.0,0.0,0.0,0.0,0.0,0.0,0.0,0,1,1,1
638820564,638819595,0.0,-0.0,0.0,0.13181823,0.0,0.0,0.0,0.0,0.0,0.0,0.0,0,1,1,1
638842178,638841206,0.0,-0.0,0.0,0.12045461,0.0,0.0,0.0,0.0,0.0,0.0,0.0,0,1,1,1
638864024,638863045,0.0,-0.0,0.0,0.102272786,0.0,0.0,0.0,0.0,0.0,0.0,0.0,0,1,1,1
638885744,638884764,0.0,-0.0,0.0,0.0954546,0.0,0.0,0.0,0.0,0.0,0.0,0.0,0,1,1,1
638907697,638906652,0.0,-0.0,0.0,0.081818245,0.0,0.0,0.0,0.0,0.0,0.0,0.0,0,1,1,1
638929445,638928478,0.0,-0.0,0.0,0.029545518,0.0,0.0,0.0,0.0,0.0,0.0,0.0,0,1,1,1
638951150,638950185,0.0,-0.0,0.0,0.018181883,0.0,0.0,0.0,0.0,0.0,0.0,0.0,0,1,1,1
638973056,638972041,0.0,-0.0,0.0,0.0,0.0,0.0,0.0,0.0,0.0,0.0,0.0,0,1,1,1
638994837,638993851,0.0,-0.0,0.0,0.0,0.0,0.0,0.0,0.0,0.0,0.0,0.0,0,1,1,1
639059807,639058844,0.0,-0.0,0.0,0.0,0.0,0.0,0.0,0.0,0.0,0.0,0.0,0,1,1,1
639081720,639080466,0.0,-0.0,0.0,0.0,0.0,0.0,0.0,0.0,0.0,0.0,0.0,0,1,1,1
639103570,639102380,0.0,-0.0,0.0,0.004545519,0.0,0.0,0.0,0.0,0.0,0.0,0.0,0,1,1,0
639125272,639124300,0.0,-0.0,0.0,0.013636428,0.0,0.0,0.0,0.0,0.0,0.0,0.0,0,1,1,0
639146915,639145945,0.0,-0.0,0.0,0.015909156,0.0,0.0,0.0,0.0,0.0,0.0,0.0,0,1,1,0
639168582,639167617,0.0,-0.0,0.0,0.011363701,0.0,0.0,0.0,0.0,0.0,0.0,0.0,0,1,1,0
639190209,639189230,0.0,-0.0,0.0,0.0,0.0,0.0,0.0,0.0,0.0,0.0,0.0,0,1,1,0
639212261,639210841,0.0,-0.0,0.0,0.0,0.0,0.0,0.0,0.0,0.0,0.0,0.0,0,1,1,0
639234074,639233043,0.0,-0.0,0.0,0.0,0.0,0.0,0.0,0.0,0.0,0.0,0.0,0,1,1,0
639434087,639233043,0.0,-0.0,0.0,0.0,0.0,0.0,0.0,0.0,0.0,0.0,0.0,0,1,1,0
639538603,639537637,0.0,-0.0,0.0,0.0,0.0,0.0,0.0,0.0,0.0,0.0,0.0,0,1,1,0
639738614,639537637,0.0,-0.0,0.0,0.0,0.0,0.0,0.0,0.0,0.0,0.0,0.0,0,1,1,0
639828928,639537637,0.0,-0.0,0.0,0.0,0.0,0.0,0.0,0.0,0.0,0.0,0.0,0,1,1,0
639850590,639849613,0.0,-0.0,0.0,0.0,0.0,0.0,0.0,0.0,0.0,0.0,0.0,0,1,1,0
639937623,639936579,0.0,-0.0,0.0,0.0,0.0,0.0,0.0,0.0,0.0,0.0,0.0,0,1,1,0
639959249,639958242,0.0,-0.0,0.0,0.025000064,0.0,0.0,0.0,0.0,0.0,0.0,0.0,0,1,1,0
639980829,639979865,0.0,-0.0,0.0,0.04545461,0.0,0.0,0.0,0.0,0.0,0.0,0.0,0,1,1,1
640003051,640001842,0.0,-0.0,0.0,0.070454605,0.0,0.0,0.0,0.0,0.0,0.0,0.0,0,1,1,1
640024885,640023905,0.0,-0.0,0.0,0.08863643,0.0,0.0,0.0,0.0,0.0,0.0,0.0,0,1,1,1
640046596,640045616,0.0,-0.0,0.0,0.102272786,0.0,0.0,0.0,0.0,0.0,0.0,0.0,0,1,1,1
640068183,640067217,0.0,-0.0,0.0,0.13863643,0.0,0.0,0.0,0.0,0.0,0.0,0.0,0,1,1,1
640089810,640088844,0.0,-0.0,0.0,0.15909097,0.0,0.0,0.0,0.0,0.0,0.0,0.0,0,1,1,1
640111839,640110463,0.0,-0.0,0.0,0.17727278,0.0,0.0,0.0,0.0,0.0,0.0,0.0,0,1,1,1
640133510,640132491,0.0,-0.0,0.0,0.19772734,0.0,0.0,0.0,0.0,0.0,0.0,0.0,0,1,1,1
640155358,640154335,0.0,-0.0,0.0,0.21818188,0.0,0.0,0.0,0.0,0.0,0.0,0.0,0,1,1,1
640176943,640175975,0.0,-0.0,0.0,0.25000006,0.0,0.0,0.0,0.0,0.0,0.0,0.0,0,1,1,1
640198591,640197602,0.0,-0.0,0.0,0.2636364,0.0,0.0,0.0,0.0,0.0,0.0,0.0,0,1,1,1
640220200,640219217,0.0,-0.0,0.0,0.27045462,0.0,0.0,0.0,0.0,0.0,0.0,0.0,0,1,1,1
640242118,640240858,0.0,-0.0,0.0,0.29318187,0.0,0.0,0.0,0.0,0.0,0.0,0.0,0,1,1,1
640263911,640262749,0.0,-0.0,0.0,0.3022728,0.0,0.0,0.0,0.0,0.0,0.0,0.0,0,1,1,1
640285593,640284617,0.0,-0.0,0.0,0.31363642,0.0,0.0,0.0,0.0,0.0,0.0,0.0,0,1,1,1
640307205,640306231,0.0,-0.0,0.0,0.3204546,0.0,0.0,0.0,0.0,0.0,0.0,0.0,0,1,1,1
640328880,640327903,0.0,-0.0,0.0,0.33181822,0.0,0.0,0.0,0.0,0.0,0.0,0.0,0,1,1,1
640350591,640349584,0.0,-0.0,0.0,0.34772733,0.0,0.0,0.0,0.0,0.0,0.0,0.0,0,1,1,1
640372222,640371219,0.0,-0.0,0.0,0.3636364,0.0,0.0,0.0,0.0,0.0,0.0,0.0,0,1,1,1
640394000,640393015,0.0,-0.0,0.0,0.37727278,0.0,0.0,0.0,0.0,0.0,0.0,0.0,0,1,1,1
640415599,640414634,0.0,-0.0,0.0,0.3863637,0.0,0.0,0.0,0.0,0.0,0.0,0.0,0,1,1,1
640437208,640436217,0.0,-0.0,0.0,0.39090914,0.0,0.0,0.0,0.0,0.0,0.0,0.0,0,1,1,1
640458930,640457959,0.0,-0.0,0.0,0.40000007,0.0,0.0,0.0,0.0,0.0,0.0,0.0,0,1,1,1
640480595,640479623,0.0,-0.0,0.0,0.4113637,0.0,0.0,0.0,0.0,0.0,0.0,0.0,0,1,1,1
640502687,640501722,0.0,-0.0,0.0,0.42500004,0.0,0.0,0.0,0.0,0.0,0.0,0.0,0,1,1,1
640524497,640523486,0.0,-0.0,0.0,0.4363637,0.0,0.0,0.0,0.0,0.0,0.0,0.0,0,1,1,1
640546134,640545151,0.0,-0.0,0.0,0.44318187,0.0,0.0,0.0,0.0,0.0,0.0,0.0,0,1,1,1
640567912,640566879,0.0,-0.0,0.0,0.44772732,0.0,0.0,0.0,0.0,0.0,0.0,0.0,0,1,1,1
640655206,640654239,0.0,-0.0,0.0,0.4454546,0.0,0.0,0.0,0.0,0.0,0.0,0.0,0,1,1,0
640837456,640654239,0.0,-0.0,0.0,0.4454546,0.0,0.0,0.0,0.0,0.0,0.0,0.0,0,1,1,0
640880761,640879778,0.0,-0.0,0.0,0.44318187,0.0,0.0,0.0,0.0,0.0,0.0,0.0,0,1,1,0
640924815,640923851,0.0,-0.0,0.0,0.4363637,0.0,0.0,0.0,0.0,0.0,0.0,0.0,0,1,1,0
640946525,640945499,0.0,-0.0,0.0,0.4295455,0.0,0.0,0.0,0.0,0.0,0.0,0.0,0,1,1,0
640968147,640967166,0.0,-0.0,0.0,0.4022728,0.0,0.0,0.0,0.0,0.0,0.0,0.0,0,1,1,0
640989818,640988850,0.0,-0.0,0.0,0.3795455,0.0,0.0,0.0,0.0,0.0,0.0,0.0,0,1,1,1
641011781,641010463,0.0,-0.0,0.0,0.33181822,0.0,0.0,0.0,0.0,0.0,0.0,0.0,0,1,1,1
641033516,641032475,0.0,-0.0,0.0,0.28409097,0.0,0.0,0.0,0.0,0.0,0.0,0.0,0,1,1,1
641055174,641054165,0.0,-0.0,0.0,0.20000006,0.0,0.0,0.0,0.0,0.0,0.0,0.0,0,1,1,1
641076922,641075804,0.0,-0.0,0.0,0.12954551,0.0,0.0,0.0,0.0,0.0,0.0,0.0,0,1,1,1
641098592,641097599,0.0,-0.0,0.0,0.02727279,0.0,0.0,0.0,0.0,0.0,0.0,0.0,0,1,1,1
641120275,641119300,0.0,-0.0,0.0,0.002272792,0.0,0.0,0.0,0.0,0.0,0.0,0.0,0,1,1,1
641142101,641140947,0.0,-0.0,0.0,0.0,0.0,0.0,0.0,0.0,0.0,0.0,0.0,0,1,1,1
641342114,641140947,0.0,-0.0,0.0,0.0,0.0,0.0,0.0,0.0,0.0,0.0,0.0,0,1,1,1
641446926,641445810,0.0,-0.0,0.0,0.0,0.0,0.0,0.0,0.0,0.0,0.0,0.0,0,1,1,0
641646997,641445810,0.0,-0.0,0.0,0.0,0.0,0.0,0.0,0.0,0.0,0.0,0.0,0,1,1,0
641759692,641758706,0.0,-0.0,0.0,0.0,0.0,0.0,0.0,0.0,0.0,0.0,0.0,0,1,1,0
641846899,641758706,0.0,-0.0,0.0,0.0,0.0,0.0,0.0,0.0,0.0,0.0,0.0,0,1,1,0
642046922,641758706,0.0,-0.0,0.0,0.0,0.0,0.0,0.0,0.0,0.0,0.0,0.0,0,1,1,0
642064500,642063502,0.0,-0.0,0.0,0.0,0.0,0.0,0.0,0.0,0.0,0.0,0.0,0,1,1,0
642107917,642106926,0.0,-0.0,0.0,0.013636428,0.0,0.0,0.0,0.0,0.0,0.0,0.0,0,1,1,0
642129672,642128706,0.0,-0.0,0.0,0.0363637,0.0,0.0,0.0,0.0,0.0,0.0,0.0,0,1,1,0
642151888,642150295,0.0,-0.0,0.0,0.07500006,0.0,0.0,0.0,0.0,0.0,0.0,0.0,0,1,1,1
642173655,642172639,0.0,-0.0,0.0,0.08409097,0.0,0.0,0.0,0.0,0.0,0.0,0.0,0,1,1,1
642195277,642194305,0.0,-0.0,0.0,0.10000006,0.0,0.0,0.0,0.0,0.0,0.0,0.0,0,1,1,1
642216897,642215914,0.0,-0.0,0.0,0.12954551,0.0,0.0,0.0,0.0,0.0,0.0,0.0,0,1,1,1
642238591,642237605,0.0,-0.0,0.0,0.14090915,0.0,0.0,0.0,0.0,0.0,0.0,0.0,0,1,1,1
642260181,642259218,0.0,-0.0,0.0,0.15000007,0.0,0.0,0.0,0.0,0.0,0.0,0.0,0,1,1,1
642282179,642280810,0.0,-0.0,0.0,0.16136369,0.0,0.0,0.0,0.0,0.0,0.0,0.0,0,1,1,1
642304024,642303043,0.0,-0.0,0.0,0.17272733,0.0,0.0,0.0,0.0,0.0,0.0,0.0,0,1,1,1
642325646,642324665,0.0,-0.0,0.0,0.18181825,0.0,0.0,0.0,0.0,0.0,0.0,0.0,0,1,1,1
642347229,642346265,0.0,-0.0,0.0,0.19318187,0.0,0.0,0.0,0.0,0.0,0.0,0.0,0,1,1,1
642368929,642367893,0.0,-0.0,0.0,0.20227279,0.0,0.0,0.0,0.0,0.0,0.0,0.0,0,1,1,1
642390574,642389593,0.0,-0.0,0.0,0.20681824,0.0,0.0,0.0,0.0,0.0,0.0,0.0,0,1,1,1
642412696,642411729,0.0,-0.0,0.0,0.20909096,0.0,0.0,0.0,0.0,0.0,0.0,0.0,0,1,1,1
642434503,642433530,0.0,-0.0,0.0,0.21363643,0.0,0.0,0.0,0.0,0.0,0.0,0.0,0,1,1,1
642456135,642455166,0.0,-0.0,0.0,0.21590915,0.0,0.0,0.0,0.0,0.0,0.0,0.0,0,1,1,1
642477773,642476805,0.0,-0.0,0.0,0.22272733,0.0,0.0,0.0,0.0,0.0,0.0,0.0,0,1,1,1
642499604,642498617,0.0,-0.0,0.0,0.22500005,0.0,0.0,0.0,0.0,0.0,0.0,0.0,0,1,1,0
642521716,642520333,0.0,-0.0,0.0,0.22954552,0.0,0.0,0.0,0.0,0.0,0.0,0.0,0,1,1,0
642543509,642542364,0.0,-0.0,0.0,0.23863642,0.0,0.0,0.0,0.0,0.0,0.0,0.0,0,1,1,0
642565208,642564140,0.0,-0.0,0.0,0.24772733,0.0,0.0,0.0,0.0,0.0,0.0,0.0,0,1,1,1
642586938,642585857,0.0,-0.0,0.0,0.2545455,0.0,0.0,0.0,0.0,0.0,0.0,0.0,0,1,1,1
642608583,642607600,0.0,-0.0,0.0,0.25681823,0.0,0.0,0.0,0.0,0.0,0.0,0.0,0,1,1,0
642630192,642629217,0.0,-0.0,0.0,0.2613637,0.0,0.0,0.0,0.0,0.0,0.0,0.0,0,1,1,0
642791142,642790151,0.0,-0.0,0.0,0.25227278,0.0,0.0,0.0,0.0,0.0,0.0,0.0,0,1,1,0
642813054,642812042,0.0,-0.0,0.0,0.24318187,0.0,0.0,0.0,0.0,0.0,0.0,0.0,0,1,1,0
642834802,642833838,0.0,-0.0,0.0,0.22272733,0.0,0.0,0.0,0.0,0.0,0.0,0.0,0,1,1,0
642856575,642855453,0.0,-0.0,0.0,0.19090915,0.0,0.0,0.0,0.0,0.0,0.0,0.0,0,1,1,1
642878373,642877231,0.0,-0.0,0.0,0.18181825,0.0,0.0,0.0,0.0,0.0,0.0,0.0,0,1,1,1
642900143,642899074,0.0,-0.0,0.0,0.15000007,0.0,0.0,0.0,0.0,0.0,0.0,0.0,0,1,1,1
642922105,642920759,0.0,-0.0,0.0,0.13409097,0.0,0.0,0.0,0.0,0.0,0.0,0.0,0,1,1,1
642943901,642942819,0.0,-0.0,0.0,0.10909097,0.0,0.0,0.0,0.0,0.0,0.0,0.0,0,1,1,1
642965571,642964522,0.0,-0.0,0.0,0.0954546,0.0,0.0,0.0,0.0,0.0,0.0,0.0,0,1,1,1
642987220,642986224,0.0,-0.0,0.0,0.07954552,0.0,0.0,0.0,0.0,0.0,0.0,0.0,0,1,1,1
643008874,643007899,0.0,-0.0,0.0,0.054545518,0.0,0.0,0.0,0.0,0.0,0.0,0.0,0,1,1,1
643030554,643029490,0.0,-0.0,0.0,0.038636427,0.0,0.0,0.0,0.0,0.0,0.0,0.0,0,1,1,1
643052372,643051188,0.0,-0.0,0.0,0.025000064,0.0,0.0,0.0,0.0,0.0,0.0,0.0,0,1,1,1
643074150,643073175,0.0,-0.0,0.0,0.015909156,0.0,0.0,0.0,0.0,0.0,0.0,0.0,0,1,1,1
643095819,643094832,0.0,-0.0,0.0,0.006818246,0.0,0.0,0.0,0.0,0.0,0.0,0.0,0,1,1,1
643117619,643116612,0.0,-0.0,0.0,0.0,0.0,0.0,0.0,0.0,0.0,0.0,0.0,0,1,1,1
643139329,643138258,0.0,-0.0,0.0,0.0,0.0,0.0,0.0,0.0,0.0,0.0,0.0,0,1,1,1
643160915,643159948,0.0,-0.0,0.0,0.0,0.0,0.0,0.0,0.0,0.0,0.0,0.0,0,1,1,1
643360981,643159948,0.0,-0.0,0.0,0.0,0.0,0.0,0.0,0.0,0.0,0.0,0.0,0,1,1,0
643466145,643465180,0.0,-0.0,0.0,0.0,0.0,0.0,0.0,0.0,0.0,0.0,0.0,0,1,1,0
643640342,643639317,0.0,-0.0,0.0,0.0,0.0,0.0,0.0,0.0,0.0,0.0,0.0,0,1,1,0
643662121,643661025,0.0,-0.0,0.0,0.0,0.0,0.0,0.0,0.0,0.0,0.0,0.0,0,1,1,0
643683903,643682749,0.0,-0.002272792,0.0,0.0,0.0,0.0,0.0,0.0,0.0,0.0,0.0,0,1,1,0
643705581,643704520,0.0,-0.009090973,0.0,0.0,0.0,0.0,0.0,0.0,0.0,0.0,0.0,0,1,1,0
643727205,643726204,0.0,-0.015909156,0.0,0.0,0.0,0.0,0.0,0.0,0.0,0.0,0.0,0,1,1,0
643749025,643747986,0.0,-0.018181883,0.0,0.0,0.0,0.0,0.0,0.0,0.0,0.0,0.0,0,1,1,0
643778915,643777889,0.0,-0.029545518,0.0,0.0,0.0,0.0,0.0,0.0,0.0,0.0,0.0,0,1,1,0
643800582,643799615,0.0,-0.034090973,0.0,0.0,0.0,0.0,0.0,0.0,0.0,0.0,0.0,0,1,1,0
643822177,643821208,0.0,-0.038636427,0.0,0.0,0.0,0.0,0.0,0.0,0.0,0.0,0.0,0,1,1,0
643844004,643843014,0.0,-0.04318188,0.0,0.0,0.0,0.0,0.0,0.0,0.0,0.0,0.0,0,1,1,0
643865598,643864631,0.0,-0.050000064,0.0,0.0,0.0,0.0,0.0,0.0,0.0,0.0,0.0,0,1,1,0
643887198,643886232,0.0,-0.054545518,0.0,0.0,0.0,0.0,0.0,0.0,0.0,0.0,0.0,0,1,1,0
643909025,643908060,0.0,-0.059090972,0.0,0.0,0.0,0.0,0.0,0.0,0.0,0.0,0.0,0,1,1,0
643930642,643929662,0.0,-0.06818188,0.0,0.0,0.0,0.0,0.0,0.0,0.0,0.0,0.0,0,1,1,0
643952290,643951261,0.0,-0.08863643,0.0,0.0,0.0,0.0,0.0,0.0,0.0,0.0,0.0,0,1,1,1
643974016,643973031,0.0,-0.097727336,0.0,0.0,0.0,0.0,0.0,0.0,0.0,0.0,0.0,0,1,1,1
643995598,643994634,0.0,-0.102272786,0.0,0.0,0.0,0.0,0.0,0.0,0.0,0.0,0.0,0,1,1,1
644017481,644016463,0.0,-0.106818244,0.0,0.0,0.0,0.0,0.0,0.0,0.0,0.0,0.0,0,1,1,1
644039276,644038197,0.0,-0.111363694,0.0,0.0,0.0,0.0,0.0,0.0,0.0,0.0,0.0,0,1,1,1
644060893,644059928,0.0,-0.11818188,0.0,0.0,0.0,0.0,0.0,0.0,0.0,0.0,0.0,0,1,1,1
644083016,644081843,0.0,-0.12727278,0.0,0.0,0.0,0.0,0.0,0.0,0.0,0.0,0.0,0,1,1,1
644104843,644103850,0.0,-0.13409097,0.0,0.0,0.0,0.0,0.0,0.0,0.0,0.0,0.0,0,1,1,1
644126523,644125476,0.0,-0.14090915,0.0,0.0,0.0,0.0,0.0,0.0,0.0,0.0,0.0,0,1,1,1
644148182,644147216,0.0,-0.14772733,0.0,0.0,0.0,0.0,0.0,0.0,0.0,0.0,0.0,0,1,1,1
644169810,644168846,0.0,-0.15227279,0.0,0.0,0.0,0.0,0.0,0.0,0.0,0.0,0.0,0,1,1,1
644191799,644190458,0.0,-0.15681824,0.0,0.0,0.0,0.0,0.0,0.0,0.0,0.0,0.0,0,1,1,0
644213582,644212426,0.0,-0.16136369,0.0,0.0,0.0,0.0,0.0,0.0,0.0,0.0,0.0,0,1,1,0
644235280,644234301,0.0,-0.1704546,0.0,0.0,0.0,0.0,0.0,0.0,0.0,0.0,0.0,0,1,1,0
644256920,644255946,0.0,-0.19772734,0.0,0.0,0.0,0.0,0.0,0.0,0.0,0.0,0.0,0,1,1,1
644278589,644277604,0.0,-0.21136369,0.0,0.0,0.0,0.0,0.0,0.0,0.0,0.0,0.0,0,1,1,1
644300182,644299213,0.0,-0.22727278,0.0,0.0,0.0,0.0,0.0,0.0,0.0,0.0,0.0,0,1,1,1
644322219,644320808,0.0,-0.23863642,0.0,0.0,0.0,0.0,0.0,0.0,0.0,0.0,0.0,0,1,1,1
644344023,644343047,0.0,-0.24772733,0.0,0.0,0.0,0.0,0.0,0.0,0.0,0.0,0.0,0,1,1,1
644365643,644364663,0.0,-0.25000006,0.0,0.0,0.0,0.0,0.0,0.0,0.0,0.0,0.0,0,1,1,1
644408867,644407895,0.0,-0.25681823,0.0,0.0,0.0,0.0,0.0,0.0,0.0,0.0,0.0,0,1,1,1
644430459,644429486,0.0,-0.2613637,0.0,0.0,0.0,0.0,0.0,0.0,0.0,0.0,0.0,0,1,1,1
644452389,644451092,0.0,-0.26818186,0.0,0.0,0.0,0.0,0.0,0.0,0.0,0.0,0.0,0,1,1,1
644474155,644473185,0.0,-0.27500007,0.0,0.0,0.0,0.0,0.0,0.0,0.0,0.0,0.0,0,1,1,1
644495825,644494828,0.0,-0.28409097,0.0,0.0,0.0,0.0,0.0,0.0,0.0,0.0,0.0,0,1,1,1
644517623,644516633,0.0,-0.28863642,0.0,0.0,0.0,0.0,0.0,0.0,0.0,0.0,0.0,0,1,1,1
644539330,644538240,0.0,-0.30454552,0.0,0.0,0.0,0.0,0.0,0.0,0.0,0.0,0.0,0,1,1,1
644560913,644559947,0.0,-0.31363642,0.0,0.0,0.0,0.0,0.0,0.0,0.0,0.0,0.0,0,1,1,1
644583037,644582029,0.0,-0.33863643,0.0,0.0,0.0,0.0,0.0,0.0,0.0,0.0,0.0,0,1,1,1
644604809,644603845,0.0,-0.3454546,0.0,0.0,0.0,0.0,0.0,0.0,0.0,0.0,0.0,0,1,1,1
644804829,644603845,0.0,-0.3454546,0.0,0.0,0.0,0.0,0.0,0.0,0.0,0.0,0.0,0,1,1,0
644808942,644807749,0.0,-0.35227278,0.0,0.0,0.0,0.0,0.0,0.0,0.0,0.0,0.0,0,1,1,0
644830591,644829618,0.0,-0.36136368,0.0,0.0,0.0,0.0,0.0,0.0,0.0,0.0,0.0,0,1,1,0
644852291,644851228,0.0,-0.36590913,0.0,0.0,0.0,0.0,0.0,0.0,0.0,0.0,0.0,0,1,1,0
644874023,644873036,0.0,-0.37500006,0.0,0.0,0.0,0.0,0.0,0.0,0.0,0.0,0.0,0,1,1,0
644895671,644894707,0.0,-0.38409096,0.0,0.0,0.0,0.0,0.0,0.0,0.0,0.0,0.0,0,1,1,1
644917480,644916495,0.0,-0.3886364,0.0,0.0,0.0,0.0,0.0,0.0,0.0,0.0,0.0,0,1,1,0
644939284,644938227,0.0,-0.39318186,0.0,0.0,0.0,0.0,0.0,0.0,0.0,0.0,0.0,0,1,1,0
644960862,644959898,0.0,-0.3977273,0.0,0.0,0.0,0.0,0.0,0.0,0.0,0.0,0.0,0,1,1,0
644983017,644981840,0.0,-0.40681824,0.0,0.0,0.0,0.0,0.0,0.0,0.0,0.0,0.0,0,1,1,0
645004811,645003846,0.0,-0.4113637,0.0,0.0,0.0,0.0,0.0,0.0,0.0,0.0,0.0,0,1,1,0
645026511,645025511,0.0,-0.4204546,0.0,0.0,0.0,0.0,0.0,0.0,0.0,0.0,0.0,0,1,1,1
645048189,645047218,0.0,-0.42272732,0.0,0.0,0.0,0.0,0.0,0.0,0.0,0.0,0.0,0,1,1,0
645135266,645134275,0.0,-0.42500004,0.0,0.0,0.0,0.0,0.0,0.0,0.0,0.0,0.0,0,1,1,0
645156916,645155940,0.0,-0.42727277,0.0,0.0,0.0,0.0,0.0,0.0,0.0,0.0,0.0,0,1,1,0
645356998,645155940,0.0,-0.42727277,0.0,0.0,0.0,0.0,0.0,0.0,0.0,0.0,0.0,0,1,1,0
645460765,645459797,0.0,-0.42727277,0.0,0.0,0.0,0.0,0.0,0.0,0.0,0.0,0.0,0,1,1,0
645660798,645459797,0.0,-0.42727277,0.0,0.0,0.0,0.0,0.0,0.0,0.0,0.0,0.0,0,1,1,0
645786523,645785322,0.0,-0.42727277,0.0,0.0,0.0,0.0,0.0,0.0,0.0,0.0,0.0,0,1,1,0
645816603,645815461,0.0,-0.4295455,0.0,0.0,0.0,0.0,0.0,0.0,0.0,0.0,0.0,0,1,1,0
645838417,645837298,0.0,-0.43181825,0.0,0.0,0.0,0.0,0.0,0.0,0.0,0.0,0.0,0,1,1,0
645860185,645859141,0.0,-0.43409097,0.0,0.0,0.0,0.0,0.0,0.0,0.0,0.0,0.0,0,1,1,0
645882165,645859141,0.0,-0.43409097,0.0,0.0,0.0,0.0,0.0,0.0,0.0,0.0,0.0,0,1,1,0
646077479,646076473,0.0,-0.43181825,0.0,0.0,0.0,0.0,0.0,0.0,0.0,0.0,0.0,0,1,1,0
646120882,646119891,0.0,-0.4295455,0.0,0.0,0.0,0.0,0.0,0.0,0.0,0.0,0.0,0,1,1,0
646143195,646142217,0.0,-0.42272732,0.0,0.0,0.0,0.0,0.0,0.0,0.0,0.0,0.0,0,1,1,0
646164894,646163913,0.0,-0.4022728,0.0,0.0,0.0,0.0,0.0,0.0,0.0,0.0,0.0,0,1,1,0
646186579,646185544,0.0,-0.34772733,0.0,0.0,0.0,0.0,0.0,0.0,0.0,0.0,0.0,0,1,1,1
646208182,646207214,0.0,-0.24772733,0.0,0.0,0.0,0.0,0.0,0.0,0.0,0.0,0.0,0,1,1,1
646229851,646228883,0.0,-0.17727278,0.0,0.0,0.0,0.0,0.0,0.0,0.0,0.0,0.0,0,1,1,1
646251886,646250470,0.0,-0.10909097,0.0,0.0,0.0,0.0,0.0,0.0,0.0,0.0,0.0,0,1,1,1
646273597,646272607,0.0,-0.0,0.0,0.0,0.0,0.0,0.0,0.0,0.0,0.0,0.0,0,1,1,1
646473610,646272607,0.0,-0.0,0.0,0.0,0.0,0.0,0.0,0.0,0.0,0.0,0.0,0,1,1,1
646577189,646576197,0.0,-0.0,0.0,0.0,0.0,0.0,0.0,0.0,0.0,0.0,0.0,0,1,1,1
646777211,646576197,0.0,-0.0,0.0,0.0,0.0,0.0,0.0,0.0,0.0,0.0,0.0,0,1,1,0
646890186,646889150,0.0,-0.0,0.0,0.0,0.0,0.0,0.0,0.0,0.0,0.0,0.0,0,1,1,0
646999322,646998192,0.0,-0.0,0.0,-0.011363613,0.0,0.0,0.0,0.0,0.0,0.0,0.0,0,1,1,0
647020905,647019939,0.0,-0.0,0.0,-0.12045452,0.0,0.0,0.0,0.0,0.0,0.0,0.0,0,1,1,1
647043065,647041964,0.0,-0.0,0.0,-0.15909088,0.0,0.0,0.0,0.0,0.0,0.0,0.0,0,1,1,1
647064815,647063849,0.0,-0.0,0.0,-0.17272724,0.0,0.0,0.0,0.0,0.0,0.0,0.0,0,1,1,1
647086569,647085551,0.0,-0.0,0.0,-0.17499997,0.0,0.0,0.0,0.0,0.0,0.0,0.0,0,1,1,1
647108241,647107227,0.0,-0.0,0.0,-0.17045452,0.0,0.0,0.0,0.0,0.0,0.0,0.0,0,1,1,1
647130033,647129047,0.0,-0.0,0.0,-0.13863634,0.0,0.0,0.0,0.0,0.0,0.0,0.0,0,1,1,0
647152229,647150750,0.0,-0.0,0.0,-0.102272704,0.0,0.0,0.0,0.0,0.0,0.0,0.0,0,1,1,0
647174028,647173061,0.0,-0.0,0.0,-0.038636338,0.0,0.0,0.0,0.0,0.0,0.0,0.0,0,1,1,1
647195734,647194717,0.0,-0.0,0.0,0.0,0.0,0.0,0.0,0.0,0.0,0.0,0.0,0,1,1,1
647395765,647194717,0.0,-0.0,0.0,0.0,0.0,0.0,0.0,0.0,0.0,0.0,0.0,0,1,1,0
647500210,647499158,0.0,-0.0,0.0,0.0,0.0,0.0,0.0,0.0,0.0,0.0,0.0,0,1,1,0
647700222,647499158,0.0,-0.0,0.0,0.0,0.0,0.0,0.0,0.0,0.0,0.0,0.0,0,1,1,0
647805178,647804183,0.0,-0.0,0.0,0.0,0.0,0.0,0.0,0.0,0.0,0.0,0.0,0,1,1,0
647834964,647833999,0.0,-0.0,0.0,0.0,0.0,0.0,0.0,0.0,0.0,0.0,0.0,0,1,1,0
647856613,647833999,0.0,-0.0,0.0,0.0,0.0,0.0,0.0,0.0,0.0,0.0,0.0,0,1,1,0
648056627,647833999,0.0,-0.0,0.0,0.0,0.0,0.0,0.0,0.0,0.0,0.0,0.0,0,1,1,0
648148417,648147296,0.0,-0.0,0.0,0.0,0.0,0.0,0.0,0.0,0.0,0.0,0.0,0,1,1,0
648348428,648147296,0.0,-0.0,0.0,0.0,0.0,0.0,0.0,0.0,0.0,0.0,0.0,0,1,1,0
648453148,648451972,0.0,-0.0,0.0,0.0,0.0,0.0,0.0,0.0,0.0,0.0,0.0,0,1,1,0
648653162,648451972,0.0,-0.0,0.0,0.0,0.0,0.0,0.0,0.0,0.0,0.0,0.0,0,1,1,0
648757211,648756222,0.0,-0.0,0.0,0.0,0.0,0.0,0.0,0.0,0.0,0.0,0.0,0,1,1,0
648865596,648756222,0.0,-0.0,0.0,0.0,0.0,0.0,0.0,0.0,0.0,0.0,0.0,0,1,1,0
649065608,648756222,0.0,-0.0,0.0,0.0,0.0,0.0,0.0,0.0,0.0,0.0,0.0,0,1,1,0
649069007,649067964,0.0,-0.0,0.0,0.0,0.0,0.0,0.0,0.0,0.0,0.0,0.0,0,1,1,0
649269035,649067964,0.0,-0.0,0.0,0.0,0.0,0.0,0.0,0.0,0.0,0.0,0.0,0,1,1,0
649373920,649372764,0.0,-0.0,0.0,0.0,0.0,0.0,0.0,0.0,0.0,0.0,0.0,0,1,1,0
649573995,649372764,0.0,-0.0,0.0,0.0,0.0,0.0,0.0,0.0,0.0,0.0,0.0,0,1,1,0
649678434,649677413,0.0,-0.0,0.0,0.0,0.0,0.0,0.0,0.0,0.0,0.0,0.0,0,1,1,0
649873931,649677413,0.0,-0.0,0.0,0.0,0.0,0.0,0.0,0.0,0.0,0.0,0.0,0,1,1,0
649990413,649989432,0.0,-0.0,0.0,0.0,0.0,0.0,0.0,0.0,0.0,0.0,0.0,0,1,1,0
650190426,649989432,0.0,-0.0,0.0,0.0,0.0,0.0,0.0,0.0,0.0,0.0,0.0,0,1,1,0
650294680,650293714,0.0,-0.0,0.0,0.0,0.0,0.0,0.0,0.0,0.0,0.0,0.0,0,1,1,0
650494692,650293714,0.0,-0.0,0.0,0.0,0.0,0.0,0.0,0.0,0.0,0.0,0.0,0,1,1,0
650598645,650597680,0.0,-0.0,0.0,0.0,0.0,0.0,0.0,0.0,0.0,0.0,0.0,0,1,1,0
650798658,650597680,0.0,-0.0,0.0,0.0,0.0,0.0,0.0,0.0,0.0,0.0,0.0,0,1,1,0
650880184,650597680,0.0,-0.0,0.0,0.0,0.0,0.0,0.0,0.0,0.0,0.0,0.0,0,1,1,0
650901821,650900808,0.0,-0.0,0.0,0.0,0.0,0.0,0.0,0.0,0.0,0.0,0.0,0,1,1,0
651101834,650900808,0.0,-0.0,0.0,0.0,0.0,0.0,0.0,0.0,0.0,0.0,0.0,0,1,1,0
651215405,651214308,0.0,-0.0,0.0,0.0,0.0,0.0,0.0,0.0,0.0,0.0,0.0,0,1,1,0
651415417,651214308,0.0,-0.0,0.0,0.0,0.0,0.0,0.0,0.0,0.0,0.0,0.0,0,1,1,0
651519403,651518425,0.0,-0.0,0.0,0.0,0.0,0.0,0.0,0.0,0.0,0.0,0.0,0,1,1,0
651719416,651518425,0.0,-0.0,0.0,0.0,0.0,0.0,0.0,0.0,0.0,0.0,0.0,0,1,1,0
651823888,651822456,0.0,-0.0,0.0,0.0,0.0,0.0,0.0,0.0,0.0,0.0,0.0,0,1,1,0
651888658,651822456,0.0,-0.0,0.0,0.0,0.0,0.0,0.0,0.0,0.0,0.0,0.0,0,1,1,0
652088670,651822456,0.0,-0.0,0.0,0.0,0.0,0.0,0.0,0.0,0.0,0.0,0.0,0,1,1,0
652135594,652134616,0.0,-0.0,0.0,0.0,0.0,0.0,0.0,0.0,0.0,0.0,0.0,0,1,1,0
652335607,652134616,0.0,-0.0,0.0,0.0,0.0,0.0,0.0,0.0,0.0,0.0,0.0,0,1,1,0
652440412,652439358,0.0,-0.0,0.0,0.0,0.0,0.0,0.0,0.0,0.0,0.0,0.0,0,1,1,0
652640425,652439358,0.0,-0.0,0.0,0.0,0.0,0.0,0.0,0.0,0.0,0.0,0.0,0,1,1,0
652744569,652743509,0.0,-0.0,0.0,0.0,0.0,0.0,0.0,0.0,0.0,0.0,0.0,0,1,1,0
652905835,652743509,0.0,-0.0,0.0,0.0,0.0,0.0,0.0,0.0,0.0,0.0,0.0,0,1,1,0
653058119,653057006,0.0,-0.0,0.0,0.0,0.0,0.0,0.0,0.0,0.0,0.0,0.0,0,1,1,0
653258134,653057006,0.0,-0.0,0.0,0.0,0.0,0.0,0.0,0.0,0.0,0.0,0.0,0,1,1,0
653363680,653362477,0.0,-0.0,0.0,0.0,0.0,0.0,0.0,0.0,0.0,0.0,0.0,0,1,1,0
653563743,653362477,0.0,-0.0,0.0,0.0,0.0,0.0,0.0,0.0,0.0,0.0,0.0,0,1,1,0
653667793,653666819,0.0,-0.0,0.0,0.0,0.0,0.0,0.0,0.0,0.0,0.0,0.0,0,1,1,0
653868040,653666819,0.0,-0.0,0.0,0.0,0.0,0.0,0.0,0.0,0.0,0.0,0.0,0,1,1,0
