timestamp,timestamp_sample,ref_timestamp,ref_lat,ref_lon,x,y,z,delta_xy[0],delta_xy[1],delta_z,vx,vy,vz,z_deriv,delta_vxy[0],delta_vxy[1],delta_vz,ax,ay,az,heading,heading_var,unaided_heading,delta_heading,tilt_var,ref_alt,dist_bottom,eph,epv,evh,evv,vxy_max,vz_max,hagl_min,hagl_max,xy_valid,z_valid,v_xy_valid,v_z_valid,xy_reset_counter,z_reset_counter,vxy_reset_counter,vz_reset_counter,heading_reset_counter,heading_good_for_control,xy_global,z_global,dist_bottom_valid,dist_bottom_sensor_bitfield,dead_reckoning
630982978,630982730,0,nan,nan,0.24980795,2.8100126,-0.7277259,0.00040291937,-0.00088396424,0.40164658,0.0010281381,0.003408437,0.017510928,0.0027020054,-0.0019243918,0.00081313733,0.0005514653,-0.14670123,0.08519373,-0.08339621,1.5446664,0.00040349516,-0.011729987,1.5667083,3.479355e-05,nan,0.09904951,0.06713159,0.04177552,0.07743972,0.04134999,inf,inf,inf,inf,1,1,1,1,4,2,3,1,1,1,0,0,1,0,0
631483099,631482731,0,nan,nan,0.25199798,2.812021,-0.7199273,0.00040291937,-0.00088396424,0.40164658,0.004715718,0.005772044,0.020808807,0.0109846415,-0.0019243918,0.00081313733,0.0005514653,-0.035042133,-0.033540588,-0.036566965,1.5445682,0.00041226106,-0.0118752895,1.5667083,3.589269e-05,nan,0.09909141,0.09386053,0.056146137,0.0879571,0.045379832,inf,inf,inf,inf,1,1,1,1,4,2,3,1,1,1,0,0,1,0,1
631982976,631982730,0,nan,nan,0.25382334,2.811704,-0.7054128,-0.0040501654,-0.0010495186,0.01071763,0.00450256,0.0073456815,0.024264775,0.011150891,-0.0019243918,0.00081313733,0.0005514653,-0.17446144,0.074420184,0.0018281831,1.5444882,0.00041973888,-0.011982204,1.5667083,3.710845e-05,nan,0.08411503,0.10029276,0.050677396,0.09861052,0.049003985,inf,inf,inf,inf,1,1,1,1,6,3,3,1,1,1,0,0,1,0,0
632482974,632482730,0,nan,nan,0.2530136,2.814168,-0.7189536,-0.0040501654,-0.0010495186,0.01071763,0.004762446,0.009164145,0.022485316,-0.004960855,-0.0019243918,0.00081313733,0.0005514653,-0.08087636,-0.08420557,-0.080822736,1.5446033,0.0004201963,-0.012019419,1.5667083,3.7112215e-05,nan,0.09157765,0.06137739,0.038467735,0.10187225,0.049768712,inf,inf,inf,inf,1,1,1,1,6,3,3,1,1,1,0,0,1,0,0
632982973,632982730,0,nan,nan,0.25248498,2.8140354,-0.72395194,-0.0040501654,-0.0010495186,0.01071763,0.0056164567,0.0070996904,0.020571237,-0.006964853,-0.0019243918,0.00081313733,0.0005514653,-0.025541438,0.09717584,0.114532374,1.5447912,0.00042028032,-0.012035014,1.5667083,3.5002406e-05,nan,0.09476638,0.059072636,0.03743555,0.08930088,0.046160746,inf,inf,inf,inf,1,1,1,1,6,3,3,1,1,1,0,0,1,0,0
633482974,633482730,0,nan,nan,0.25055078,2.8145976,-0.7281252,-0.0040501654,-0.0010495186,0.01071763,0.0042294017,0.0066796453,0.016173802,-0.008987123,-0.0019243918,0.00081313733,0.0005514653,-0.06492762,0.00020533621,-0.11189524,1.5449934,0.00042069505,-0.01203182,1.5667083,3.4318513e-05,nan,0.096702576,0.05970953,0.03789618,0.08041355,0.043170314,inf,inf,inf,inf,1,1,1,1,6,3,3,1,1,1,0,0,1,0,0
633983003,633982774,0,nan,nan,0.25058565,2.8140137,-0.7311394,-0.0040501654,-0.0010495186,0.01071763,0.0034054169,0.004864098,0.014598011,-0.0067976946,-0.0019243918,0.00081313733,0.0005514653,0.016748495,-0.06434805,-0.013115832,1.5451685,0.00042074476,-0.012040927,1.5667083,3.386861e-05,nan,0.09886712,0.05806032,0.037442286,0.07256999,0.040237565,inf,inf,inf,inf,1,1,1,1,6,3,3,1,1,1,0,0,1,0,0
634482970,634482730,0,nan,nan,0.25156495,2.8118868,-0.7308237,-0.0040501654,-0.0010495186,0.01071763,0.0065203984,0.0036609597,0.016436638,-0.00076039945,-0.0019243918,0.00081313733,0.0005514653,0.07638456,0.15431748,-0.05191286,1.5454317,0.00042112594,-0.011950548,1.5667083,3.421511e-05,nan,0.0994516,0.057518646,0.037144136,0.07125681,0.039386667,inf,inf,inf,inf,1,1,1,1,6,3,3,1,1,1,0,0,1,0,0
634982971,634982730,0,nan,nan,0.25593308,2.8130984,-0.7310451,-0.0040501654,-0.0010495186,0.01071763,0.023711188,0.004540298,0.01803216,0.0031784964,-0.0019243918,0.00081313733,0.0005514653,0.990902,0.15595354,0.99942815,1.5453902,0.00042183418,-0.012188387,1.5667083,3.4865316e-05,nan,0.101088226,0.058248468,0.037228927,0.07339436,0.039766524,inf,inf,inf,inf,1,1,1,1,6,3,3,1,1,1,0,0,0,0,0
635483002,635482730,0,nan,nan,0.25812405,2.811028,-0.7469124,-0.0040501654,-0.0010495186,0.01071763,-0.031810716,-0.028822696,-0.06483298,-0.079025336,-0.0019243918,0.00081313733,0.0005514653,0.72166514,0.116825595,-1.2910085,1.5552247,0.0004228727,-0.0026749144,1.5667083,3.5298326e-05,nan,0.11695552,0.05971804,0.03764983,0.07600764,0.04034927,inf,inf,inf,inf,1,1,1,1,6,3,3,1,1,1,0,0,0,0,0
635982975,635982730,0,nan,nan,0.268554,2.795818,-0.77922267,-0.0040501654,-0.0010495186,0.01071763,0.01047815,-0.0337293,-0.042875968,-0.05341033,-0.0019243918,0.00081313733,0.0005514653,-0.42962646,-0.04341045,-0.6458739,1.5935354,0.0004238944,0.035368614,1.5667083,3.5276254e-05,nan,0.14926577,0.060566735,0.03792456,0.07665959,0.04054546,inf,inf,inf,inf,1,1,1,1,6,3,3,1,1,1,0,0,0,0,0
636482973,636482730,0,nan,nan,0.27353552,2.8076923,-0.7994744,-0.0040501654,-0.0010495186,0.01071763,0.025133688,0.043286584,-0.095778964,-0.09321879,-0.0019243918,0.00081313733,0.0005514653,0.23287006,1.125332,0.46700147,1.578547,0.0004248993,0.020153921,1.5667083,3.5098274e-05,nan,0.16951752,0.06087515,0.038054258,0.07665659,0.040588655,inf,inf,inf,inf,1,1,1,1,6,3,3,1,1,1,0,0,0,0,0
636983003,636982730,0,nan,nan,0.3106402,2.8402376,-0.86009365,-0.0040501654,-0.0010495186,0.01071763,0.11856382,0.09402289,-0.254508,-0.23374638,-0.0019243918,0.00081313733,0.0005514653,1.1863385,-0.5745342,-1.3306575,1.5195184,0.00042588756,-0.038034867,1.5667083,3.4908364e-05,nan,0.23013675,0.060958494,0.03809721,0.076950796,0.04058832,inf,inf,inf,inf,1,1,1,1,6,3,3,1,1,1,0,0,0,0,0
637483043,637482773,0,nan,nan,0.347926,2.8573933,-0.9014242,-0.0040501654,-0.0010495186,0.01071763,0.034143187,0.01504545,-0.1241055,-0.09231727,-0.0019243918,0.00081313733,0.0005514653,0.78493357,-0.40952948,-0.78584236,1.5330683,0.00042675898,-0.024613976,1.5667083,3.470516e-05,nan,0.27146733,0.06095621,0.038108487,0.07627245,0.040586505,inf,inf,inf,inf,1,1,1,1,6,3,3,1,1,1,0,0,0,0,0
637982974,637982730,0,nan,nan,0.33445734,2.8278172,-0.9563779,-0.0040501654,-0.0010495186,0.01071763,-0.052824516,-0.023574544,-0.20063473,-0.16409919,-0.0019243918,0.00081313733,0.0005514653,0.70760614,0.25161195,-0.3962973,1.5406848,0.00042766717,-0.01699289,1.5667083,3.458719e-05,nan,0.32642102,0.06087015,0.03810772,0.07627413,0.04059049,inf,inf,inf,inf,1,1,1,1,6,3,3,1,1,1,0,0,0,0,0
638482981,638482730,0,nan,nan,0.2929677,2.7996066,-1.0506717,-0.0040501654,-0.0010495186,0.01071763,-0.060692884,-0.018871166,-0.26175117,-0.22210686,-0.0019243918,0.00081313733,0.0005514653,-0.045437004,-0.25565365,-0.1326533,1.5168998,0.00042855804,-0.04092159,1.5667083,3.450435e-05,nan,0.4207148,0.06085658,0.038107146,0.07638614,0.04059606,inf,inf,inf,inf,1,1,1,1,6,3,3,1,1,1,0,0,0,0,0
638982974,638982730,0,nan,nan,0.25981075,2.76027,-1.0183809,-0.0040501654,-0.0010495186,0.01071763,-0.03509938,-0.045105066,0.30965653,0.34999236,-0.0019243918,0.00081313733,0.0005514653,0.019133361,-0.22193219,0.95050466,1.5234483,0.00042934212,-0.034618862,1.5667083,3.4438348e-05,nan,0.38842398,0.060781635,0.038109697,0.07525735,0.04060128,inf,inf,inf,inf,1,1,1,1,6,3,3,1,1,1,0,0,0,0,0
639482973,639482730,0,nan,nan,0.25228763,2.7457979,-0.89537996,-0.0040501654,-0.0010495186,0.01071763,-0.009886449,-0.0029560844,0.047922526,0.0859971,-0.0019243918,0.00081313733,0.0005514653,-0.26351824,-0.08505895,-0.9986949,1.546865,0.00043019216,-0.011300654,1.5667083,3.4597746e-05,nan,0.26542306,0.06054447,0.03811042,0.075382255,0.040604237,inf,inf,inf,inf,1,1,1,1,6,3,3,1,1,1,0,0,0,0,0
639982971,639982730,0,nan,nan,0.2572062,2.794658,-0.8748041,-0.0040501654,-0.0010495186,0.01071763,0.013646398,0.027526733,-0.002094029,0.029626992,-0.0019243918,0.00081313733,0.0005514653,1.7228922,-1.3700022,2.1553588,1.550615,0.00043110285,-0.007536337,1.5667083,3.4780067e-05,nan,0.24484718,0.06064688,0.038112428,0.07611975,0.04060674,inf,inf,inf,inf,1,1,1,1,6,3,3,1,1,1,0,0,0,0,0
640483003,640482730,0,nan,nan,0.27966484,2.8290606,-0.87669885,-0.0040501654,-0.0010495186,0.01071763,0.08046096,-0.015001393,-0.23161438,-0.21367244,-0.0019243918,0.00081313733,0.0005514653,-0.2754046,-0.4011203,-2.0877237,1.5467497,0.0004319848,-0.011471347,1.5667083,3.483174e-05,nan,0.24674195,0.06073866,0.03811126,0.07609285,0.040605363,inf,inf,inf,inf,1,1,1,1,6,3,3,1,1,1,0,0,0,0,0
640983011,640982774,0,nan,nan,0.31506535,2.8225584,-1.0903372,-0.0040501654,-0.0010495186,0.01071763,0.069118276,-0.039662257,-0.3784901,-0.3733792,-0.0019243918,0.00081313733,0.0005514653,-0.05941824,0.22732937,0.8280192,1.5522592,0.0004327833,-0.0060256673,1.5667083,3.4746372e-05,nan,0.46038026,0.060975213,0.038113292,0.077414505,0.04060699,inf,inf,inf,inf,1,1,1,1,6,3,3,1,1,1,0,0,0,0,0
641482976,641482730,0,nan,nan,0.33741826,2.7713828,-1.1078627,-0.0040501654,-0.0010495186,0.01071763,0.034615964,-0.066412024,0.25952715,0.25867987,-0.0019243918,0.00081313733,0.0005514653,-0.3221887,-0.009991101,-0.27428064,1.5498595,0.00043722897,-0.008260139,1.5667083,3.474066e-05,nan,0.4779058,0.06644771,0.041324,0.07729498,0.04141881,inf,inf,inf,inf,1,1,1,1,6,3,3,1,1,1,0,0,0,0,0
641983002,641982730,0,nan,nan,0.34928563,2.7015095,-1.0555922,-0.0040501654,-0.0010495186,0.01071763,0.008517201,-0.025149023,0.034473892,0.029933622,-0.0019243918,0.00081313733,0.0005514653,0.8231733,0.6325539,0.48202854,1.5558915,0.00043791442,-0.0020404733,1.5667083,3.4574696e-05,nan,0.42563528,0.061809514,0.039083302,0.0754275,0.04062028,inf,inf,inf,inf,1,1,1,1,6,3,3,1,1,1,0,0,0,0,0
642482975,642482730,0,nan,nan,0.34608144,2.7053154,-1.0616045,-0.0040501654,-0.0010495186,0.01071763,-0.040714886,0.03990808,-0.038244985,-0.047977604,-0.0019243918,0.00081313733,0.0005514653,0.49055418,-0.076961786,-0.8461351,1.5679153,0.00043867115,0.009940085,1.5667083,3.4794368e-05,nan,0.4316476,0.06073402,0.038300306,0.076190434,0.04066613,inf,inf,inf,inf,1,1,1,1,6,3,3,1,1,1,0,0,0,0,0
642982973,642982730,0,nan,nan,0.31577054,2.7598639,-1.1628097,-0.0040501654,-0.0010495186,0.01071763,-0.071765415,0.07947411,-0.07638294,-0.09499971,-0.0019243918,0.00081313733,0.0005514653,-0.029266646,-0.28107437,1.4658476,1.5751212,0.00043928463,0.017037878,1.5667083,3.4870303e-05,nan,0.5328528,0.060783032,0.038121,0.07714152,0.04074808,inf,inf,inf,inf,1,1,1,1,6,3,3,1,1,1,0,0,0,0,0
643482976,643482730,0,nan,nan,0.27146158,2.8005466,-1.161925,-0.0040501654,-0.0010495186,0.01071763,-0.08042609,0.04054093,0.011312273,-0.014898027,-0.0019243918,0.00081313733,0.0005514653,-0.6722092,-0.4750496,-0.47984067,1.5645059,0.0004397121,0.006346106,1.5667083,3.4810484e-05,nan,0.53196806,0.06083069,0.038122494,0.07618273,0.04074167,inf,inf,inf,inf,1,1,1,1,6,3,3,1,1,1,0,0,0,0,0
643982975,643982730,0,nan,nan,0.238989,2.8139966,-1.1829988,-0.0040501654,-0.0010495186,0.01071763,-0.061265938,-0.0031470843,-0.01778646,-0.04359119,-0.0019243918,0.00081313733,0.0005514653,0.21751647,-0.5196988,-0.17967167,1.5367248,0.00044025885,-0.021431448,1.5667083,3.4816585e-05,nan,0.5530419,0.06081558,0.038139794,0.076186344,0.040691983,inf,inf,inf,inf,1,1,1,1,6,3,3,1,1,1,0,0,0,0,0
644483005,644482774,0,nan,nan,0.2232875,2.8218038,-1.1989564,-0.0040501654,-0.0010495186,0.01071763,-0.028317824,-0.01128202,-0.022602232,-0.04310078,-0.0019243918,0.00081313733,0.0005514653,-0.6904158,0.062144924,-1.0749993,1.5416362,0.00044095743,-0.016640991,1.5667083,3.482937e-05,nan,0.56899947,0.060793847,0.03813952,0.07608256,0.040646583,inf,inf,inf,inf,1,1,1,1,6,3,3,1,1,1,0,0,0,0,0
644982974,644982730,0,nan,nan,0.22640817,2.797606,-1.2136147,-0.0040501654,-0.0010495186,0.01071763,-0.006354592,-0.15616295,-0.021606075,-0.03379158,-0.0019243918,0.00081313733,0.0005514653,0.33680296,-1.0039393,-0.1500802,1.5384008,0.0004416231,-0.020327006,1.5667083,3.483864e-05,nan,0.5836578,0.060779236,0.038130075,0.076155595,0.04062192,inf,inf,inf,inf,1,1,1,1,6,3,3,1,1,1,0,0,0,0,0
645483008,645482730,0,nan,nan,0.22725612,2.6563005,-1.2156256,-0.0040501654,-0.0010495186,0.01071763,-0.012412681,-0.43666297,-0.024593998,-0.025104601,-0.0019243918,0.00081313733,0.0005514653,-0.97054595,-0.48022404,-0.2767952,1.5308007,0.00044191926,-0.027748251,1.5667083,3.483585e-05,nan,0.58566874,0.060795214,0.03812166,0.07636097,0.040621787,inf,inf,inf,inf,1,1,1,1,6,3,3,1,1,1,0,0,0,0,0
645982973,645982730,0,nan,nan,0.23906393,2.3901453,-1.1248864,-0.0040501654,-0.0010495186,0.01071763,0.10402017,-0.61812276,0.94172454,0.9629791,-0.0019243918,0.00081313733,0.0005514653,-0.3557126,-1.1839626,6.598828,1.7118618,0.0004409084,0.073096514,1.5667083,3.483832e-05,nan,0.4949295,0.06086026,0.038121164,0.076644465,0.040636882,inf,inf,inf,inf,1,1,1,1,6,3,3,1,1,1,0,0,0,0,0
646482970,646482730,0,nan,nan,-0.20056921,2.2578835,-0.7042018,-0.0040501654,-0.0010495186,0.01071763,-1.3598453,-0.061905205,0.50014037,0.55141485,-0.0019243918,0.00081313733,0.0005514653,6.295918,-0.49971205,-2.1265302,1.5279531,0.00043406052,-0.38571045,1.5667083,3.485092e-05,nan,0.1257751,0.06037074,0.037948456,0.10264452,0.043165073,inf,inf,inf,inf,1,1,1,1,6,3,3,1,1,1,0,0,0,0,0
646983001,646982730,0,nan,nan,-0.47942573,2.3958297,-0.4597687,-0.0040501654,-0.0010495186,0.01071763,-0.28686473,0.21784891,0.27262965,0.38387308,-0.0019243918,0.00081313733,0.0005514653,-1.8385681,0.6263834,-2.057227,1.3233485,0.0004186499,-0.5686461,1.5667083,3.3970027e-05,nan,0.061380118,0.064138725,0.051513847,0.09666862,0.04810461,inf,inf,inf,inf,1,1,1,1,6,3,3,1,1,1,0,0,0,0,0
647482973,647482730,0,nan,nan,-0.922805,2.6520643,-0.34478799,-0.0040501654,-0.0010495186,0.01071763,-0.48515227,0.32031322,0.21226674,0.27865964,-0.0019243918,0.00081313733,0.0005514653,0.49671265,-0.26885724,-0.5355591,1.3524462,0.00040581616,-0.5527858,1.5667083,3.2649386e-05,nan,0.04465744,0.06458174,0.071829,0.08904499,0.05395943,inf,inf,inf,inf,1,1,1,1,6,3,3,1,1,1,0,0,0,0,0
647983027,647982774,0,nan,nan,-1.1871996,2.8395114,-0.26701227,-0.0040501654,-0.0010495186,0.01071763,-0.4940036,0.36358896,0.18274133,0.21737848,-0.0019243918,0.00081313733,0.0005514653,-0.3705278,0.13429381,2.5791123,1.4037021,0.00038757554,-0.5040068,1.5667083,3.1202704e-05,nan,0.061379492,0.06375819,0.095209904,0.08614758,0.060605537,inf,inf,inf,inf,1,1,1,1,6,3,3,1,1,1,0,0,0,0,0
648482974,648482730,0,nan,nan,-1.1531115,2.9148169,-0.20351657,-0.0040501654,-0.0010495186,0.01071763,-0.349174,0.31511357,0.05805763,0.07613975,-0.0019243918,0.00081313733,0.0005514653,-0.25763124,-0.41623577,0.46670792,1.3890871,0.0003729207,-0.515201,1.5667083,2.9887191e-05,nan,0.06464821,0.0631482,0.12142648,0.08464883,0.06700125,inf,inf,inf,inf,1,1,1,1,6,3,3,1,1,1,0,0,0,0,0
648982972,648982730,0,nan,nan,-0.98966795,2.901642,-0.18171212,-0.0040501654,-0.0010495186,0.01071763,-0.11667788,0.22003207,0.017942593,0.022328647,-0.0019243918,0.00081313733,0.0005514653,-0.35623175,-0.49564722,-0.8451248,1.3889084,0.00036096096,-0.5158808,1.5667083,2.8976545e-05,nan,0.07632784,0.062798865,0.14996612,0.083117045,0.0727392,inf,inf,inf,inf,1,1,1,1,6,3,3,1,1,1,0,0,0,0,0
649482974,649482730,0,nan,nan,-0.87055415,2.8224895,-0.19079949,-0.0040501654,-0.0010495186,0.01071763,0.003567488,0.104314215,-0.023093129,-0.023713967,-0.0019243918,0.00081313733,0.0005514653,-0.15747407,-0.34834197,-0.39557534,1.3940943,0.0003498248,-0.5153421,1.5667083,2.8555136e-05,nan,0.097250916,0.06247898,0.17996763,0.08128177,0.07789144,inf,inf,inf,inf,1,1,1,1,6,3,3,1,1,1,0,0,0,0,0
649983093,649982729,0,nan,nan,-0.8073241,2.705914,-0.21494034,-0.0040501654,-0.0010495186,0.01071763,0.059037518,-0.015391366,-0.069966786,-0.06588013,-0.0019243918,0.00081313733,0.0005514653,-0.11540955,-0.29919565,0.0844465,1.4001749,0.00033876282,-0.5148522,1.5667083,2.8553115e-05,nan,0.12201647,0.062098406,0.21102907,0.079503626,0.08268484,inf,inf,inf,inf,1,1,1,1,6,3,3,1,1,1,0,0,0,0,0
650483100,650482729,0,nan,nan,-0.7662622,2.5877514,-0.08220723,-0.0040501654,-0.0010495186,0.01071763,0.089250565,-0.10840714,-0.06484085,0.11734631,-0.0019243918,0.00081313733,0.0005514653,-0.15882954,-0.1804632,0.35652724,1.4044871,0.000327821,-0.5153414,1.5667083,2.8805658e-05,nan,1.0399303,0.061647844,0.09323295,0.0780334,0.054165184,inf,inf,inf,inf,1,1,1,1,6,3,3,1,1,1,0,0,0,0,0
650983095,650982729,0,nan,nan,-0.72360975,2.4869666,0.9074447,-0.0040501654,-0.0010495186,0.01071763,0.11193987,-0.16830188,0.14894716,0.9177007,-0.0019243918,0.00081313733,0.0005514653,-0.06714036,-0.13882399,0.18999718,1.4061934,0.00031731036,-0.5166944,1.5667083,2.9232755e-05,nan,0.14502287,0.061327502,0.04536723,0.07720297,0.051954314,inf,inf,inf,inf,1,1,1,1,6,3,3,1,1,1,0,0,0,0,0
651483154,651482774,0,nan,nan,-0.64542353,2.395092,0.93241733,-0.0040501654,-0.0010495186,0.01071763,0.15726832,-0.20836082,0.029111743,0.42010888,-0.0019243918,0.00081313733,0.0005514653,0.011055422,-0.063954,0.088920645,1.4083403,0.000307358,-0.51848143,1.5667083,2.9653344e-05,nan,0.12005025,0.061112575,0.040799778,0.0767973,0.05215009,inf,inf,inf,inf,1,1,1,1,6,3,3,1,1,1,0,0,0,0,0
651983128,651982730,0,nan,nan,-0.5550035,2.322223,0.5953202,-0.0040501654,-0.0010495186,0.01071763,0.1939777,-0.22234474,-0.21875641,-0.20812897,-0.0019243918,0.00081313733,0.0005514653,0.03572479,-0.00614652,-0.14495943,1.4103726,0.00029809042,-0.5202365,1.5667083,2.997545e-05,nan,0.45714736,0.060998246,0.040903766,0.0766744,0.04957226,inf,inf,inf,inf,1,1,1,1,6,3,3,1,1,1,0,0,0,0,0
652483098,652482729,0,nan,nan,-0.42443463,2.2758555,0.06485523,-0.0040501654,-0.0010495186,0.01071763,0.24808444,-0.20993724,-0.5028061,-0.72704166,-0.0019243918,0.00081313733,0.0005514653,0.13408484,0.013619056,-0.28578582,1.4114225,0.00029296553,-0.5215484,1.5667083,3.0207204e-05,nan,0.98761237,0.06096149,0.040837955,0.07671185,0.04639179,inf,inf,inf,inf,1,1,1,1,6,3,3,1,1,1,0,0,0,0,0
652983115,652982730,0,nan,nan,-0.161132,2.2789419,-0.45805004,-0.0040501654,-0.0010495186,0.01071763,0.3815335,-0.15976739,-0.69424224,-0.94766414,-0.0019243918,0.00081313733,0.0005514653,0.1485474,0.079789296,-0.2485359,1.4106021,0.0002891175,-0.5221125,1.5667083,3.0362906e-05,nan,1.5105176,0.060966697,0.040282346,0.07678683,0.04413559,inf,inf,inf,inf,1,1,1,1,6,3,3,1,1,1,0,0,0,0,0
653483105,653482730,0,nan,nan,0.36198083,2.3099787,-0.83778274,-0.0040501654,-0.0010495186,0.01071763,0.57305235,-0.0668105,-0.7554461,-0.8844264,-0.0019243918,0.00081313733,0.0005514653,-0.11655912,0.014084831,-0.25340536,-1.9413271,0.019998878,-0.521972,2.9419277,2.7742379e-05,nan,0.336299,0.061107095,0.039670095,0.08044643,0.04289956,inf,inf,inf,inf,1,1,1,1,6,3,3,1,2,1,0,0,1,0,0
