timestamp,timestamp_sample,device_id,x,y,z,temperature,error_count
630405882,630404756,4395041,-0.23829836,-0.07074482,0.24505039,nan,0
630455899,630454773,4395041,-0.23458429,-0.074471205,0.24920587,nan,0
630505882,630504756,4395041,-0.23829836,-0.067021415,0.25730288,nan,0
630605883,630604757,4395041,-0.29787892,-0.115428075,0.23283118,nan,0
630705882,630704757,4395041,-0.39842883,-0.040959977,0.21655414,nan,0
630805903,630804777,4395041,-0.21223873,-0.02978789,0.23283118,nan,0
630905883,630904757,4395041,-0.24947359,-0.055852294,0.22057691,nan,0
631005883,631004757,4395041,-0.31277284,-0.048405323,0.2124074,nan,0
631105883,631104757,4395041,-0.23830312,-0.070746236,0.21649215,nan,0
631205882,631204757,4395041,-0.27180907,-0.05957459,0.212377,nan,0
631305883,631304757,4395041,-0.25320208,-0.06702408,0.21652313,nan,0
631405883,631404757,4395041,-0.2718199,-0.059576962,0.22060847,nan,0
631505904,631504778,4395041,-0.25319707,-0.070746236,0.22057691,nan,0
631605882,631604756,4395041,-0.268091,-0.07446973,0.22057691,nan,0
631705883,631704756,4395041,-0.25320712,-0.07447268,0.22881192,nan,0
631805882,631804756,4395041,-0.24947359,-0.070746236,0.2124074,nan,0
631905882,631904757,4395041,-0.26064405,-0.07819321,0.22057691,nan,0
632005882,632004756,4395041,-0.25692055,-0.081916705,0.22057691,nan,0
632105882,632104756,4395041,-0.25692564,-0.07074764,0.2246938,nan,0
632205902,632204775,4395041,-0.2643728,-0.07819477,0.2246938,nan,0
632305882,632304756,4395041,-0.26064405,-0.07446973,0.22466166,nan,0
632405882,632404756,4395041,-0.25692055,-0.06702275,0.22057691,nan,0
632505882,632504756,4395041,-0.253192,-0.07446823,0.2246295,nan,0
632605882,632604756,4395041,-0.2643728,-0.06702408,0.2246938,nan,0
632705882,632704756,4395041,-0.2643728,-0.08191832,0.22060847,nan,0
632805882,632804757,4395041,-0.2606492,-0.074471205,0.22060847,nan,0
632905900,632904774,4395041,-0.26064405,-0.06702275,0.22466166,nan,0
633005882,633004756,4395041,-0.25320208,-0.07819477,0.2246938,nan,0
633105883,633104756,4395041,-0.2606492,-0.07074764,0.2246938,nan,0
633205883,633204756,4395041,-0.25692564,-0.06330052,0.22060847,nan,0
633305882,633304756,4395041,-0.2606544,-0.07447268,0.22881192,nan,0
633405882,633404756,4395041,-0.26810166,-0.070749044,0.22472599,nan,0
633505882,633504756,4395041,-0.25319707,-0.07819321,0.22466166,nan,0
633605900,633604774,4395041,-0.24947852,-0.074471205,0.22060847,nan,0
633705882,633704756,4395041,-0.26810166,-0.06330178,0.21655414,nan,0
633805883,633804756,4395041,-0.2569359,-0.081921585,0.20841213,nan,0
633905882,633904756,4395041,-0.27182528,-0.07819632,0.20429635,nan,0
634005883,634004757,4395041,-0.279267,-0.074471205,0.18792574,nan,0
634105892,634104756,4395041,-0.27183074,-0.06702676,0.17572004,nan,0
634205882,634204756,4395041,-0.27927813,-0.07819788,0.15937398,nan,0
634305900,634304774,4395041,-0.30161434,-0.07819632,0.13892153,nan,0
634405882,634404756,4395041,-0.33512706,-0.08191995,0.12666374,nan,0
634505882,634504756,4395041,-0.33140343,-0.07819632,0.102148175,nan,0
634605882,634604756,4395041,-0.338844,-0.089365445,0.057194788,nan,0
634705891,634704756,4395041,-0.36863247,-0.074471205,0.01634137,nan,0
634805882,634804756,4395041,-0.40959162,-0.08191832,-0.03268274,nan,0
634905883,634904756,4395041,-0.4393976,-0.081921585,-0.08173025,nan,0
635005901,635004775,4395041,-0.94580305,-0.10798539,-0.23698378,nan,0
635105882,635104756,4395041,-0.5213192,-0.07447417,-0.22067167,nan,0
635205882,635204756,4395041,-0.54736334,-0.08191832,-0.24512053,nan,0
635305882,635304757,4395041,-0.4766347,-0.10798755,-0.24519075,nan,0
635405883,635404757,4395041,-0.5026906,-0.08191995,-0.21655414,nan,0
635505883,635504756,4395041,-0.5473742,-0.08936722,-0.23289785,nan,0
635605882,635604756,4395041,-0.6367288,-0.07819477,-0.35542476,nan,0
635705909,635704774,4395041,-0.5212984,-0.06702408,-0.63731337,nan,0
635805883,635804756,4395041,-0.44310367,-0.089365445,-0.13890164,nan,0
635905883,635904756,4395041,-0.5287561,-0.09681449,-0.26967117,nan,0
636005882,636004756,4395041,-0.6218346,-0.08564189,-0.2614619,nan,0
636105883,636104757,4395041,-0.6404779,-0.07447417,-0.24110423,nan,0
636205883,636204756,4395041,-0.5734169,-0.08564018,-0.29001778,nan,0
636305882,636304756,4395041,-0.5436398,-0.08191832,-0.25737655,nan,0
636405901,636404775,4395041,-0.55479944,-0.08564018,-0.27367875,nan,0
636505883,636504757,4395041,-0.5510869,-0.09308901,-0.2818886,nan,0
636605883,636604756,4395041,-0.7372796,-0.08191995,-0.33096012,nan,0
636705881,636704756,4395041,-0.59578145,-0.08936722,-0.5270846,nan,0
636805882,636804756,4395041,-0.62930673,-0.09309272,-0.60480386,nan,0
636905882,636904756,4395041,-0.56228,-0.07075047,-0.33100748,nan,0
637005884,637004756,4395041,-0.8601595,-0.06330178,-0.4085927,nan,0
637105901,637104775,4395041,-0.50640416,-0.07819477,-0.36768082,nan,0
637205882,637204756,4395041,-0.5808869,-0.07819632,-0.42902237,nan,0
637305882,637304756,4395041,-0.610676,-0.07447268,-0.4045068,nan,0
637405882,637404756,4395041,-0.61813563,-0.07075047,-0.47403544,nan,0
637505883,637504756,4395041,-0.6404651,-0.067025416,-0.47805345,nan,0
637605882,637604756,4395041,-0.68514866,-0.067025416,-0.46988162,nan,0
637705882,637704756,4395041,-0.6106882,-0.052131917,-0.44542983,nan,0
637805900,637804774,4395041,-0.651662,-0.093094565,-0.47410333,nan,0
637905882,637904756,4395041,-0.66280687,-0.104261756,-0.46170977,nan,0
638005882,638004756,4395041,-0.6330178,-0.070749044,-0.563858,nan,0
638105882,638104756,4395041,-0.63675416,-0.03351338,-0.48220846,nan,0
638205882,638204757,4395041,-0.62929416,-0.07447268,-0.48622534,nan,0
638305882,638304756,4395041,-0.6442016,-0.07819788,-0.4903815,nan,0
638405882,638404756,4395041,-0.6442144,-0.074475646,-0.49862593,nan,0
638505900,638504774,4395041,-0.6330305,-0.07075047,-0.40456474,nan,0
638605882,638604757,4395041,-0.5176058,-0.08192322,-0.29427105,nan,0
638705882,638704756,4395041,-0.4878058,-0.0856453,-0.25745028,nan,0
638805882,638804756,4395041,-0.57345116,-0.0856453,-0.38413215,nan,0
638905883,638904756,4395041,-0.5548215,-0.093090855,-0.31461638,nan,0
639005882,639004756,4395041,-0.6181233,-0.08936722,-0.48622534,nan,0
639105882,639104756,4395041,-0.69259596,-0.08564358,-0.6047172,nan,0
639205900,639204774,4395041,-0.68514866,-0.07447268,-0.5270846,nan,0
639305883,639304756,4395041,-0.6591095,-0.07819943,-0.49453884,nan,0
639405883,639404757,4395041,-0.65908325,-0.104261756,-0.48622534,nan,0
639505882,639504757,4395041,-0.65538573,-0.085647,-0.45775494,nan,0
639605884,639604758,4395041,-0.6106882,-0.07819788,-0.46177587,nan,0
639705882,639704756,4395041,-0.651649,-0.07819788,-0.46177587,nan,0
639805883,639804756,4395041,-0.651649,-0.081921585,-0.46586242,nan,0
639905900,639904774,4395041,-0.6553727,-0.07447417,-0.45768937,nan,0
640005882,640004756,4395041,-0.6442016,-0.07447417,-0.44134334,nan,0
640105882,640104756,4395041,-0.63675416,-0.081921585,-0.44951636,nan,0
640205882,640204756,4395041,-0.5548436,-0.07819943,-0.40053558,nan,0
640305882,640304756,4395041,-0.6739912,-0.07447417,-0.6211499,nan,0
640405882,640404756,4395041,-0.7484654,-0.07447417,-0.75600475,nan,0
640505882,640504756,4395041,-0.75220406,-0.052132953,-0.6948066,nan,0
640605900,640604774,4395041,-0.7447565,-0.10054212,-0.60489047,nan,0
640705882,640704756,4395041,-0.66654384,-0.08936901,-0.44542983,nan,0
640805882,640804756,4395041,-0.5511089,-0.07819788,-0.35552657,nan,0
640905882,640904756,4395041,-0.64049053,-0.10798969,-0.46592912,nan,0
641005882,641004756,4395041,-0.651662,-0.10054212,-0.40053558,nan,0
641105882,641104756,4395041,-0.5250429,-0.07819788,-0.24927726,nan,0
641205882,641204756,4395041,-0.45430148,-0.093094565,-0.1634839,nan,0
641305900,641304774,4395041,-0.5176058,-0.063304305,-0.3228807,nan,0
641405882,641404756,4395041,-0.64049053,-0.08192322,-0.47819045,nan,0
641505883,641504756,4395041,-0.69634736,-0.074475646,-0.60489047,nan,0
641605883,641604756,4395041,-0.6591226,-0.104267985,-0.5191358,nan,0
641705882,641704756,4395041,-0.6851624,-0.104263835,-0.4903815,nan,0
641805882,641804756,4395041,-0.65538573,-0.07075187,-0.46592912,nan,0
641905883,641904757,4395041,-0.6367668,-0.052132953,-0.47001624,nan,0
642005901,642004775,4395041,-0.6591357,-0.08192648,-0.45788607,nan,0
642105883,642104756,4395041,-0.62559545,-0.063304305,-0.46184203,nan,0
642205882,642204756,4395041,-0.6144241,-0.063304305,-0.45775494,nan,0
642305883,642304756,4395041,-0.6218594,-0.0856453,-0.44134334,nan,0
642405882,642404756,4395041,-0.6442144,-0.10054212,-0.5068001,nan,0
642505882,642504756,4395041,-0.77453136,-0.11915868,-0.6742745,nan,0
642605883,642604756,4395041,-0.7000711,-0.07819943,-0.6457614,nan,0
642705901,642704775,4395041,-0.62559545,-0.10798969,-0.47001624,nan,0
642805882,642804756,4395041,-0.56226873,-0.067025416,-0.41676456,nan,0
642905882,642904756,4395041,-0.5771863,-0.05958052,-0.3392291,nan,0
643005883,643004756,4395041,-0.55855626,-0.08936901,-0.24110423,nan,0
643105883,643104756,4395041,-0.5808985,-0.07819788,-0.41682425,nan,0
643205882,643204756,4395041,-0.6814929,-0.10427214,-0.5683508,nan,0
643305883,643304757,4395041,-0.6367921,-0.07820254,-0.47423914,nan,0
643405900,643404774,4395041,-0.65168786,-0.09309827,-0.47832742,nan,0
643505882,643504756,4395041,-0.6740047,-0.12660861,-0.47001624,nan,0
643605883,643604756,4395041,-0.64050335,-0.11543956,-0.46190822,nan,0
643705883,643704756,4395041,-0.65163594,-0.104261756,-0.47396755,nan,0
643805888,643804762,4395041,-0.65538573,-0.10054212,-0.45775494,nan,0
643905882,643904756,4395041,-0.62188405,-0.08564871,-0.45373282,nan,0
644005882,644004756,4395041,-0.6442529,-0.10799614,-0.45386282,nan,0
644105900,644104774,4395041,-0.5920932,-0.08192485,-0.45373282,nan,0
644205883,644204756,4395041,-0.62558305,-0.09309272,-0.46177587,nan,0
644305882,644304756,4395041,-0.6404779,-0.08936901,-0.46177587,nan,0
644405882,644404756,4395041,-0.6367795,-0.111715704,-0.47825894,nan,0
644505888,644504756,4395041,-0.6404779,-0.12288238,-0.4903815,nan,0
644605882,644604756,4395041,-0.59954095,-0.10054413,-0.45373282,nan,0
644705882,644704756,4395041,-0.6144241,-0.07819943,-0.46184203,nan,0
644805901,644804775,4395041,-0.6442272,-0.09309641,-0.45373282,nan,0
644905883,644904756,4395041,-0.6330556,-0.09682027,-0.46190822,nan,0
645005882,645004756,4395041,-0.62931925,-0.10054212,-0.46184203,nan,0
645105882,645104756,4395041,-0.64796394,-0.08192648,-0.4660626,nan,0
645205883,645204756,4395041,-0.6367921,-0.11171792,-0.46197435,nan,0
645305882,645304756,4395041,-0.6628465,-0.11916342,-0.47008356,nan,0
645405883,645404757,4395041,-0.64050335,-0.11916342,-0.45782053,nan,0
645505901,645504775,4395041,-0.66654384,-0.08936901,-0.46177587,nan,0
645605882,645604756,4395041,-0.67029417,-0.08564871,-0.45373282,nan,0
645705883,645704756,4395041,-0.68147933,-0.07820254,-0.44562125,nan,0
645805883,645804756,4395041,-0.66283333,-0.07075187,-0.43323237,nan,0
645905883,645904756,4395041,-0.39099714,-0.36865446,-0.03678388,nan,0
646005882,646004756,4395041,-0.29046658,-0.037239306,0.3229732,nan,0
646105882,646104756,4395041,-0.4245197,0.122887276,0.15533195,nan,0
646205900,646204774,4395041,-0.48037753,0.29790854,0.0040876833,nan,0
646305883,646304756,4395041,-0.5362247,0.39472094,-0.24931297,nan,0
646405883,646404756,4395041,-0.80436903,0.4133563,-1.0179789,nan,0
646505882,646504756,4395041,-1.2623874,0.22715525,-2.1010692,nan,0
646605883,646604756,4395041,-1.1209031,0.11171792,-2.0523107,nan,0
646705883,646704756,4395041,-1.3294168,-0.037238568,-2.0601923,nan,0
646805883,646804756,4395041,-1.0389767,0.018619653,-1.6680136,nan,0
646905901,646904774,4395041,-0.7596818,0.11544185,-1.6761901,nan,0
647005883,647004756,4395041,-0.80436903,0.14150937,-1.5085711,nan,0
647105883,647104757,4395041,-0.79690534,0.13033499,-1.5696703,nan,0
647205883,647204756,4395041,-0.7373089,0.08192322,-1.5817068,nan,0
647305883,647304756,4395041,-0.7596516,0.05585674,-1.4795294,nan,0
647405883,647404756,4395041,-0.77828604,0.063305564,-1.5328813,nan,0
647505883,647504756,4395041,-0.7298904,0.06703075,-1.4840415,nan,0
647605902,647604775,4395041,-0.7298759,0.07075328,-1.4756536,nan,0
647705882,647704756,4395041,-0.7634362,0.067033425,-1.5253613,nan,0
647805883,647804757,4395041,-0.7299195,0.067033425,-1.5090035,nan,0
647905883,647904756,4395041,-0.7745622,0.067029424,-1.5410566,nan,0
648005882,648004756,4395041,-0.29791445,0.044687167,-0.44970953,nan,0
648105883,648104756,4395041,-0.2792948,0.014895722,-0.47832742,nan,0
648205883,648204756,4395041,-0.2643938,0.052133992,-0.47825894,nan,0
648305900,648304774,4395041,-0.2532273,0.044687167,-0.48241568,nan,0
648405883,648404757,4395041,-0.26067513,0.048411097,-0.47423914,nan,0
648505883,648504756,4395041,-0.25695637,0.04096406,-0.47430712,nan,0
648605883,648604756,4395041,-0.25695637,0.033516046,-0.47839594,nan,0
648705883,648704756,4395041,-0.26066998,0.033514712,-0.47825894,nan,0
648805883,648804757,4395041,-0.26066998,0.033514712,-0.48234662,nan,0
648905883,648904756,4395041,-0.26068038,0.033516046,-0.47430712,nan,0
649005900,649004774,4395041,-0.27557087,0.048411097,-0.47423914,nan,0
649105883,649104756,4395041,-0.27557087,0.04096324,-0.47423914,nan,0
649205883,649204756,4395041,-0.27184153,0.044686276,-0.47417125,nan,0
649305883,649304756,4395041,-0.24577941,0.037239306,-0.47832742,nan,0
649405883,649404757,4395041,-0.25695637,0.033516046,-0.48248482,nan,0
649505882,649504756,4395041,-0.24577455,0.037238568,-0.47825894,nan,0
649605882,649604756,4395041,-0.24578921,0.037240792,-0.48255396,nan,0
649705901,649704775,4395041,-0.23833632,0.03724005,-0.48248482,nan,0
649805882,649804756,4395041,-0.24205549,0.029791445,-0.48241568,nan,0
649905883,649904756,4395041,-0.24206033,0.04096406,-0.48657367,nan,0
650005883,650004756,4395041,-0.23833632,0.03724005,-0.48248482,nan,0
650105883,650104756,4395041,-0.23833632,0.04096406,-0.48248482,nan,0
650205882,650204756,4395041,-0.23834106,0.044688947,-0.47846454,nan,0
650305883,650304756,4395041,-0.23461233,0.04096406,-0.47839594,nan,0
650405900,650404774,4395041,-0.2308837,0.048411097,-0.47832742,nan,0
650505883,650504756,4395041,-0.2308975,0.040965684,-0.48262313,nan,0
650605883,650604756,4395041,-0.23460297,0.040962424,-0.47417125,nan,0
650705883,650704756,4395041,-0.2308837,0.04096324,-0.48650396,nan,0
650805883,650804757,4395041,-0.23088832,0.04096406,-0.47839594,nan,0
650905882,650904756,4395041,-0.23088832,0.04096406,-0.47839594,nan,0
651005883,651004756,4395041,-0.22715525,0.037238568,-0.47825894,nan,0
651105901,651104775,4395041,-0.23088832,0.03724005,-0.48248482,nan,0
651205883,651204756,4395041,-0.23461233,0.04096406,-0.48248482,nan,0
651305883,651304756,4395041,-0.2308929,0.040964868,-0.47846454,nan,0
651405882,651404756,4395041,-0.23461233,0.04468806,-0.48248482,nan,0
651505883,651504756,4395041,-0.23460764,0.037239306,-0.47832742,nan,0
651605883,651604756,4395041,-0.23461698,0.044688947,-0.48255396,nan,0
651705883,651704756,4395041,-0.22715525,0.037238568,-0.48234662,nan,0
651805901,651804775,4395041,-0.23461698,0.040964868,-0.47846454,nan,0
651905883,651904756,4395041,-0.23088832,0.04096406,-0.48248482,nan,0
652005883,652004756,4395041,-0.23460764,0.037239306,-0.47423914,nan,0
652105883,652104756,4395041,-0.23460297,0.040962424,-0.48234662,nan,0
652205883,652204756,4395041,-0.22715977,0.037239306,-0.48241568,nan,0
652305883,652304756,4395041,-0.2308929,0.033516712,-0.48255396,nan,0
652405882,652404756,4395041,-0.2308837,0.037239306,-0.48241568,nan,0
652505901,652504775,4395041,-0.23088832,0.04468806,-0.47839594,nan,0
652605883,652604756,4395041,-0.2308837,0.04096324,-0.48241568,nan,0
652705883,652704756,4395041,-0.2308929,0.037240792,-0.47846454,nan,0
652805882,652804756,4395041,-0.23088832,0.04468806,-0.48248482,nan,0
652905884,652904757,4395041,-0.23087911,0.040962424,-0.48234662,nan,0
653005884,653004757,4395041,-0.23088832,0.04096406,-0.48657367,nan,0
653105883,653104757,4395041,-0.2308837,0.04096324,-0.47832742,nan,0
653205908,653204778,4395041,-0.23088832,0.04468806,-0.47839594,nan,0
653305883,653304757,4395041,-0.23088832,0.04096406,-0.48657367,nan,0
653405883,653404757,4395041,-0.22715977,0.044687167,-0.47832742,nan,0
653505883,653504757,4395041,-0.22715977,0.044687167,-0.48650396,nan,0
653605883,653604757,4395041,-0.2308837,0.04096324,-0.48241568,nan,0
653705883,653704757,4395041,-0.2308837,0.04096324,-0.48650396,nan,0
