timestamp,accel_device_id_primary,accel_device_ids[0],accel_device_ids[1],accel_device_ids[2],accel_device_ids[3],accel_inconsistency_m_s_s[0],accel_inconsistency_m_s_s[1],accel_inconsistency_m_s_s[2],accel_inconsistency_m_s_s[3],gyro_device_id_primary,gyro_device_ids[0],gyro_device_ids[1],gyro_device_ids[2],gyro_device_ids[3],gyro_inconsistency_rad_s[0],gyro_inconsistency_rad_s[1],gyro_inconsistency_rad_s[2],gyro_inconsistency_rad_s[3],accel_healthy[0],accel_healthy[1],accel_healthy[2],accel_healthy[3],accel_priority[0],accel_priority[1],accel_priority[2],accel_priority[3],gyro_healthy[0],gyro_healthy[1],gyro_healthy[2],gyro_healthy[3],gyro_priority[0],gyro_priority[1],gyro_priority[2],gyro_priority[3]
630566419,3407898,3407898,3407890,3407882,0,0.010984894,0.04343648,0.033418715,0.0,3407898,3407898,3407890,3407882,0,0.00052167836,0.0003628531,0.00058548676,0.0,1,1,1,0,50,50,50,0,1,1,1,0,50,50,50,0
630571460,3407898,3407898,3407890,3407882,0,0.012967178,0.035666883,0.034466583,0.0,3407898,3407898,3407890,3407882,0,0.00043992946,0.00036687477,0.00046904653,0.0,1,1,1,0,50,50,50,0,1,1,1,0,50,50,50,0
630766444,3407898,3407898,3407890,3407882,0,0.00951539,0.03883279,0.029468805,0.0,3407898,3407898,3407890,3407882,0,0.00020490648,0.00027927227,0.00031084835,0.0,1,1,1,0,50,50,50,0,1,1,1,0,50,50,50,0
630971422,3407898,3407898,3407890,3407882,0,0.011283871,0.042227846,0.03128943,0.0,3407898,3407898,3407890,3407882,0,0.0006305565,0.00053985906,0.00051678094,0.0,1,1,1,0,50,50,50,0,1,1,1,0,50,50,50,0
631171442,3407898,3407898,3407890,3407882,0,0.004660823,0.036549367,0.032989472,0.0,3407898,3407898,3407890,3407882,0,0.00058460725,0.00072884065,0.00030492625,0.0,1,1,1,0,50,50,50,0,1,1,1,0,50,50,50,0
631371414,3407898,3407898,3407890,3407882,0,0.00532601,0.037246052,0.03563622,0.0,3407898,3407898,3407890,3407882,0,0.00046160803,0.00049130595,0.0001221514,0.0,1,1,1,0,50,50,50,0,1,1,1,0,50,50,50,0
631571408,3407898,3407898,3407890,3407882,0,0.010351967,0.042086083,0.034726523,0.0,3407898,3407898,3407890,3407882,0,0.00040735846,0.00051779696,0.00069456024,0.0,1,1,1,0,50,50,50,0,1,1,1,0,50,50,50,0
631766416,3407898,3407898,3407890,3407882,0,0.009456008,0.03964355,0.03152353,0.0,3407898,3407898,3407890,3407882,0,0.0004806969,0.00063574483,0.00052780355,0.0,1,1,1,0,50,50,50,0,1,1,1,0,50,50,50,0
631966433,3407898,3407898,3407890,3407882,0,0.0089356005,0.038510982,0.03514068,0.0,3407898,3407898,3407890,3407882,0,0.0004994992,0.0005213288,0.00027955262,0.0,1,1,1,0,50,50,50,0,1,1,1,0,50,50,50,0
632166406,3407898,3407898,3407890,3407882,0,0.011186015,0.03921215,0.035090413,0.0,3407898,3407898,3407890,3407882,0,0.0003936086,0.0004940392,0.00034356522,0.0,1,1,1,0,50,50,50,0,1,1,1,0,50,50,50,0
632371426,3407898,3407898,3407890,3407882,0,0.012837637,0.04029688,0.03378341,0.0,3407898,3407898,3407890,3407882,0,0.00031107455,0.00049078657,0.0006175175,0.0,1,1,1,0,50,50,50,0,1,1,1,0,50,50,50,0
632571417,3407898,3407898,3407890,3407882,0,0.01110859,0.04086228,0.03015817,0.0,3407898,3407898,3407890,3407882,0,0.00043525343,0.0006046683,0.0004596867,0.0,1,1,1,0,50,50,50,0,1,1,1,0,50,50,50,0
632771414,3407898,3407898,3407890,3407882,0,0.013045118,0.040387735,0.028166253,0.0,3407898,3407898,3407890,3407882,0,0.00032866836,0.0003861729,0.0004269288,0.0,1,1,1,0,50,50,50,0,1,1,1,0,50,50,50,0
632966402,3407898,3407898,3407890,3407882,0,0.009836902,0.04366706,0.034984242,0.0,3407898,3407898,3407890,3407882,0,0.00062334613,0.00059635425,0.0004645087,0.0,1,1,1,0,50,50,50,0,1,1,1,0,50,50,50,0
633166426,3407898,3407898,3407890,3407882,0,0.010788342,0.04109081,0.033066455,0.0,3407898,3407898,3407890,3407882,0,0.00040716617,0.00028784803,0.00036996018,0.0,1,1,1,0,50,50,50,0,1,1,1,0,50,50,50,0
633366402,3407898,3407898,3407890,3407882,0,0.014033006,0.04881225,0.03529972,0.0,3407898,3407898,3407890,3407882,0,0.0005115488,0.00046829824,0.00042736615,0.0,1,1,1,0,50,50,50,0,1,1,1,0,50,50,50,0
633566398,3407898,3407898,3407890,3407882,0,0.00644316,0.03987789,0.033904795,0.0,3407898,3407898,3407890,3407882,0,0.00057334657,0.00070082163,0.00030824225,0.0,1,1,1,0,50,50,50,0,1,1,1,0,50,50,50,0
633771411,3407898,3407898,3407890,3407882,0,0.0027619535,0.030018814,0.028095674,0.0,3407898,3407898,3407890,3407882,0,0.0005223583,0.0005100833,0.0003306803,0.0,1,1,1,0,50,50,50,0,1,1,1,0,50,50,50,0
633971419,3407898,3407898,3407890,3407882,0,0.018258736,0.030281356,0.032107968,0.0,3407898,3407898,3407890,3407882,0,0.00022387454,0.00046409643,0.00039255025,0.0,1,1,1,0,50,50,50,0,1,1,1,0,50,50,50,0
634171434,3407898,3407898,3407890,3407882,0,0.023638554,0.029172353,0.03062478,0.0,3407898,3407898,3407890,3407882,0,0.00081090804,0.00079022936,0.0005474897,0.0,1,1,1,0,50,50,50,0,1,1,1,0,50,50,50,0
634371412,3407898,3407898,3407890,3407882,0,0.012637945,0.033268366,0.029172692,0.0,3407898,3407898,3407890,3407882,0,0.0011479195,0.0008713812,0.0005129747,0.0,1,1,1,0,50,50,50,0,1,1,1,0,50,50,50,0
634566418,3407898,3407898,3407890,3407882,0,0.035340574,0.04699784,0.0671703,0.0,3407898,3407898,3407890,3407882,0,0.0010449113,0.00069625897,0.00065694813,0.0,1,1,1,0,50,50,50,0,1,1,1,0,50,50,50,0
634766411,3407898,3407898,3407890,3407882,0,0.03728116,0.08346001,0.05302101,0.0,3407898,3407898,3407890,3407882,0,0.0012375485,0.00095992826,0.0009020336,0.0,1,1,1,0,50,50,50,0,1,1,1,0,50,50,50,0
634966433,3407898,3407898,3407890,3407882,0,0.1331622,0.08895686,0.04613624,0.0,3407898,3407898,3407890,3407882,0,0.0026332971,0.001399833,0.0014397294,0.0,1,1,1,0,50,50,50,0,1,1,1,0,50,50,50,0
635171410,3407898,3407898,3407890,3407882,0,0.28643894,0.09758721,0.24198148,0.0,3407898,3407898,3407890,3407882,0,0.0042950637,0.0013364593,0.0029776501,0.0,1,1,1,0,50,50,50,0,1,1,1,0,50,50,50,0
635371433,3407898,3407898,3407890,3407882,0,0.07481676,0.10543478,0.11693912,0.0,3407898,3407898,3407890,3407882,0,0.0023417547,0.001139924,0.0015530057,0.0,1,1,1,0,50,50,50,0,1,1,1,0,50,50,50,0
635571410,3407898,3407898,3407890,3407882,0,0.19557631,0.13572721,0.1301246,0.0,3407898,3407898,3407890,3407882,0,0.0014838263,0.0016292417,0.00064599,0.0,1,1,1,0,50,50,50,0,1,1,1,0,50,50,50,0
635771411,3407898,3407898,3407890,3407882,0,0.053429537,0.13709019,0.1269478,0.0,3407898,3407898,3407890,3407882,0,0.0014961961,0.00038989537,0.0013638986,0.0,1,1,1,0,50,50,50,0,1,1,1,0,50,50,50,0
635966419,3407898,3407898,3407890,3407882,0,0.105321094,0.19532515,0.14469218,0.0,3407898,3407898,3407890,3407882,0,0.0025946037,0.00097253115,0.0021162813,0.0,1,1,1,0,50,50,50,0,1,1,1,0,50,50,50,0
636166433,3407898,3407898,3407890,3407882,0,0.09840447,0.10224841,0.11043945,0.0,3407898,3407898,3407890,3407882,0,0.0022971607,0.001215633,0.0013219564,0.0,1,1,1,0,50,50,50,0,1,1,1,0,50,50,50,0
636366411,3407898,3407898,3407890,3407882,0,0.12631536,0.164184,0.08465757,0.0,3407898,3407898,3407890,3407882,0,0.0018436657,0.0011881599,0.0013201718,0.0,1,1,1,0,50,50,50,0,1,1,1,0,50,50,50,0
636571433,3407898,3407898,3407890,3407882,0,0.13721246,0.13426204,0.020721612,0.0,3407898,3407898,3407890,3407882,0,0.0018040233,0.0006640884,0.0014063286,0.0,1,1,1,0,50,50,50,0,1,1,1,0,50,50,50,0
636771405,3407898,3407898,3407890,3407882,0,0.17582926,0.117471166,0.064427726,0.0,3407898,3407898,3407890,3407882,0,0.0018330028,0.0009568058,0.0016003257,0.0,1,1,1,0,50,50,50,0,1,1,1,0,50,50,50,0
636971402,3407898,3407898,3407890,3407882,0,0.11097718,0.08282767,0.12390593,0.0,3407898,3407898,3407890,3407882,0,0.0037926317,0.0017533187,0.0023996176,0.0,1,1,1,0,50,50,50,0,1,1,1,0,50,50,50,0
637171427,3407898,3407898,3407890,3407882,0,0.14516342,0.051441602,0.12170192,0.0,3407898,3407898,3407890,3407882,0,0.0007039874,0.0020490822,0.0015506081,0.0,1,1,1,0,50,50,50,0,1,1,1,0,50,50,50,0
637366440,3407898,3407898,3407890,3407882,0,0.035773613,0.061394528,0.076563746,0.0,3407898,3407898,3407890,3407882,0,0.002401131,0.0015703582,0.0014041087,0.0,1,1,1,0,50,50,50,0,1,1,1,0,50,50,50,0
637566410,3407898,3407898,3407890,3407882,0,0.16124122,0.091238365,0.12541027,0.0,3407898,3407898,3407890,3407882,0,0.0022648366,0.0010072148,0.0013161295,0.0,1,1,1,0,50,50,50,0,1,1,1,0,50,50,50,0
637766408,3407898,3407898,3407890,3407882,0,0.08514101,0.04046323,0.07502916,0.0,3407898,3407898,3407890,3407882,0,0.0010432098,0.0006930958,0.0006587402,0.0,1,1,1,0,50,50,50,0,1,1,1,0,50,50,50,0
637971411,3407898,3407898,3407890,3407882,0,0.081991784,0.077974565,0.07535824,0.0,3407898,3407898,3407890,3407882,0,0.0006177624,0.00072856847,0.0005053468,0.0,1,1,1,0,50,50,50,0,1,1,1,0,50,50,50,0
638171416,3407898,3407898,3407890,3407882,0,0.050819818,0.07154824,0.053843364,0.0,3407898,3407898,3407890,3407882,0,0.0017349282,0.0009918907,0.0007938149,0.0,1,1,1,0,50,50,50,0,1,1,1,0,50,50,50,0
638371434,3407898,3407898,3407890,3407882,0,0.03526724,0.012370004,0.03360862,0.0,3407898,3407898,3407890,3407882,0,0.0010099591,0.0005334995,0.0009154614,0.0,1,1,1,0,50,50,50,0,1,1,1,0,50,50,50,0
638571412,3407898,3407898,3407890,3407882,0,0.038612645,0.03592181,0.04261321,0.0,3407898,3407898,3407890,3407882,0,0.0008557677,0.0002897587,0.0007086056,0.0,1,1,1,0,50,50,50,0,1,1,1,0,50,50,50,0
638766402,3407898,3407898,3407890,3407882,0,0.03781472,0.071505606,0.03715194,0.0,3407898,3407898,3407890,3407882,0,0.0008555937,0.00038685126,0.00080969796,0.0,1,1,1,0,50,50,50,0,1,1,1,0,50,50,50,0
638966398,3407898,3407898,3407890,3407882,0,0.06716838,0.032969173,0.062832005,0.0,3407898,3407898,3407890,3407882,0,0.00022998474,0.00027322568,0.00044157912,0.0,1,1,1,0,50,50,50,0,1,1,1,0,50,50,50,0
639166438,3407898,3407898,3407890,3407882,0,0.044659626,0.0378455,0.029360186,0.0,3407898,3407898,3407890,3407882,0,0.0017349462,0.0003630843,0.0014426733,0.0,1,1,1,0,50,50,50,0,1,1,1,0,50,50,50,0
639371411,3407898,3407898,3407890,3407882,0,0.06991368,0.10244247,0.052249335,0.0,3407898,3407898,3407890,3407882,0,0.0014718487,0.00021345152,0.001536081,0.0,1,1,1,0,50,50,50,0,1,1,1,0,50,50,50,0
639571436,3407898,3407898,3407890,3407882,0,0.10408265,0.11138764,0.061988905,0.0,3407898,3407898,3407890,3407882,0,0.0015138403,0.001075138,0.0004395856,0.0,1,1,1,0,50,50,50,0,1,1,1,0,50,50,50,0
639771418,3407898,3407898,3407890,3407882,0,0.049290985,0.06794154,0.058790058,0.0,3407898,3407898,3407890,3407882,0,0.001262306,0.001160462,0.0005931437,0.0,1,1,1,0,50,50,50,0,1,1,1,0,50,50,50,0
639971413,3407898,3407898,3407890,3407882,0,0.04824141,0.10745122,0.12519352,0.0,3407898,3407898,3407890,3407882,0,0.0015090548,0.0017079593,0.00025330856,0.0,1,1,1,0,50,50,50,0,1,1,1,0,50,50,50,0
640166414,3407898,3407898,3407890,3407882,0,0.055353113,0.08143863,0.0408982,0.0,3407898,3407898,3407890,3407882,0,0.0004453672,0.0004377959,0.000111004665,0.0,1,1,1,0,50,50,50,0,1,1,1,0,50,50,50,0
640366434,3407898,3407898,3407890,3407882,0,0.16212668,0.11425364,0.19159667,0.0,3407898,3407898,3407890,3407882,0,0.00091656233,0.00070496876,0.00028608012,0.0,1,1,1,0,50,50,50,0,1,1,1,0,50,50,50,0
640566428,3407898,3407898,3407890,3407882,0,0.040742807,0.06876268,0.08829494,0.0,3407898,3407898,3407890,3407882,0,0.0016551275,0.00094640884,0.0008421461,0.0,1,1,1,0,50,50,50,0,1,1,1,0,50,50,50,0
640771437,3407898,3407898,3407890,3407882,0,0.047468312,0.018029124,0.043719195,0.0,3407898,3407898,3407890,3407882,0,0.001215901,0.00080428546,0.00055485725,0.0,1,1,1,0,50,50,50,0,1,1,1,0,50,50,50,0
640971409,3407898,3407898,3407890,3407882,0,0.056822833,0.07652468,0.044547826,0.0,3407898,3407898,3407890,3407882,0,0.001322161,0.00044663958,0.00090542086,0.0,1,1,1,0,50,50,50,0,1,1,1,0,50,50,50,0
641171411,3407898,3407898,3407890,3407882,0,0.07313047,0.081736594,0.02919974,0.0,3407898,3407898,3407890,3407882,0,0.00034275022,0.00020897943,0.0005457667,0.0,1,1,1,0,50,50,50,0,1,1,1,0,50,50,50,0
641371447,3407898,3407898,3407890,3407882,0,0.022430051,0.03690087,0.03446404,0.0,3407898,3407898,3407890,3407882,0,0.0018201242,0.0012162714,0.0008578316,0.0,1,1,1,0,50,50,50,0,1,1,1,0,50,50,50,0
641566435,3407898,3407898,3407890,3407882,0,0.045509048,0.054568242,0.01790343,0.0,3407898,3407898,3407890,3407882,0,0.0003070737,0.0002662245,0.00037840818,0.0,1,1,1,0,50,50,50,0,1,1,1,0,50,50,50,0
641766410,3407898,3407898,3407890,3407882,0,0.05882738,0.05068791,0.089027174,0.0,3407898,3407898,3407890,3407882,0,0.0004090284,0.00053388235,0.00016095089,0.0,1,1,1,0,50,50,50,0,1,1,1,0,50,50,50,0
641966409,3407898,3407898,3407890,3407882,0,0.11355157,0.08733104,0.05758848,0.0,3407898,3407898,3407890,3407882,0,0.0014948412,0.0011923875,0.00031702823,0.0,1,1,1,0,50,50,50,0,1,1,1,0,50,50,50,0
642171404,3407898,3407898,3407890,3407882,0,0.025057983,0.05031836,0.06468316,0.0,3407898,3407898,3407890,3407882,0,0.0017040978,0.0007700987,0.0010960815,0.0,1,1,1,0,50,50,50,0,1,1,1,0,50,50,50,0
642371402,3407898,3407898,3407890,3407882,0,0.08313041,0.05796591,0.031471767,0.0,3407898,3407898,3407890,3407882,0,0.0017386052,0.0010646619,0.0012725204,0.0,1,1,1,0,50,50,50,0,1,1,1,0,50,50,50,0
642571439,3407898,3407898,3407890,3407882,0,0.055141453,0.068314485,0.02852564,0.0,3407898,3407898,3407890,3407882,0,0.0031250932,0.0014108957,0.0017655186,0.0,1,1,1,0,50,50,50,0,1,1,1,0,50,50,50,0
642771402,3407898,3407898,3407890,3407882,0,0.04878236,0.022695499,0.06588784,0.0,3407898,3407898,3407890,3407882,0,0.0015172191,0.0013253689,0.0007036794,0.0,1,1,1,0,50,50,50,0,1,1,1,0,50,50,50,0
642966399,3407898,3407898,3407890,3407882,0,0.02743519,0.04331158,0.054103725,0.0,3407898,3407898,3407890,3407882,0,0.001205031,0.0010392815,0.00094533386,0.0,1,1,1,0,50,50,50,0,1,1,1,0,50,50,50,0
643166408,3407898,3407898,3407890,3407882,0,0.112116925,0.07862069,0.065717615,0.0,3407898,3407898,3407890,3407882,0,0.0011919641,0.0004618296,0.0008059495,0.0,1,1,1,0,50,50,50,0,1,1,1,0,50,50,50,0
643366440,3407898,3407898,3407890,3407882,0,0.08440682,0.038160514,0.10321468,0.0,3407898,3407898,3407890,3407882,0,0.0011648036,0.0008417277,0.0006426497,0.0,1,1,1,0,50,50,50,0,1,1,1,0,50,50,50,0
643571418,3407898,3407898,3407890,3407882,0,0.061220836,0.057306327,0.051488716,0.0,3407898,3407898,3407890,3407882,0,0.00040172794,0.00035167937,0.0006705672,0.0,1,1,1,0,50,50,50,0,1,1,1,0,50,50,50,0
643771443,3407898,3407898,3407890,3407882,0,0.025274497,0.029988607,0.038427085,0.0,3407898,3407898,3407890,3407882,0,0.00090758724,0.0004855308,0.00044479631,0.0,1,1,1,0,50,50,50,0,1,1,1,0,50,50,50,0
643971410,3407898,3407898,3407890,3407882,0,0.089356564,0.097567394,0.029128313,0.0,3407898,3407898,3407890,3407882,0,0.000551642,0.00069046556,0.00014756153,0.0,1,1,1,0,50,50,50,0,1,1,1,0,50,50,50,0
644171421,3407898,3407898,3407890,3407882,0,0.051468138,0.047551006,0.06763068,0.0,3407898,3407898,3407890,3407882,0,0.000678876,0.00023900453,0.0004907129,0.0,1,1,1,0,50,50,50,0,1,1,1,0,50,50,50,0
644366405,3407898,3407898,3407890,3407882,0,0.07206509,0.038251393,0.044893768,0.0,3407898,3407898,3407890,3407882,0,0.001155425,0.0008518171,0.00058799586,0.0,1,1,1,0,50,50,50,0,1,1,1,0,50,50,50,0
644566427,3407898,3407898,3407890,3407882,0,0.06363226,0.02952056,0.09070009,0.0,3407898,3407898,3407890,3407882,0,0.000506002,0.00054604455,0.0009907975,0.0,1,1,1,0,50,50,50,0,1,1,1,0,50,50,50,0
644766410,3407898,3407898,3407890,3407882,0,0.091834135,0.11210162,0.046609785,0.0,3407898,3407898,3407890,3407882,0,0.00068644783,0.00082674535,0.00025365705,0.0,1,1,1,0,50,50,50,0,1,1,1,0,50,50,50,0
644971434,3407898,3407898,3407890,3407882,0,0.04453042,0.06100853,0.058209423,0.0,3407898,3407898,3407890,3407882,0,0.0005798278,0.000912504,0.0005752944,0.0,1,1,1,0,50,50,50,0,1,1,1,0,50,50,50,0
645171412,3407898,3407898,3407890,3407882,0,0.06342996,0.073284164,0.029926464,0.0,3407898,3407898,3407890,3407882,0,0.001342937,0.00059844786,0.0014326307,0.0,1,1,1,0,50,50,50,0,1,1,1,0,50,50,50,0
645371414,3407898,3407898,3407890,3407882,0,0.07178652,0.06229259,0.038821455,0.0,3407898,3407898,3407890,3407882,0,0.001512156,0.0004729452,0.0012869731,0.0,1,1,1,0,50,50,50,0,1,1,1,0,50,50,50,0
645571433,3407898,3407898,3407890,3407882,0,0.06285324,0.050709065,0.025233852,0.0,3407898,3407898,3407890,3407882,0,0.0004957907,0.0005315371,0.0007640473,0.0,1,1,1,0,50,50,50,0,1,1,1,0,50,50,50,0
645766437,3407898,3407898,3407890,3407882,0,0.054007925,0.036408123,0.07143188,0.0,3407898,3407898,3407890,3407882,0,0.0007692692,0.00058985583,0.0006108892,0.0,1,1,1,0,50,50,50,0,1,1,1,0,50,50,50,0
645966415,3407898,3407898,3407890,3407882,0,0.0562018,0.16707124,0.15678394,0.0,3407898,3407898,3407890,3407882,0,0.035983153,0.020961126,0.018876627,0.0,1,1,1,0,50,50,50,0,1,1,1,0,50,50,50,0
646166426,3407898,3407898,3407890,3407882,0,2.3623428,2.3047574,0.9911041,0.0,3407898,3407898,3407890,3407882,0,0.0487619,0.024192141,0.028037693,0.0,1,1,1,0,50,50,50,0,1,1,1,0,50,50,50,0
646371413,3407898,3407898,3407890,3407882,0,0.42461836,0.33180797,0.6488288,0.0,3407898,3407898,3407890,3407882,0,0.017305767,0.027203506,0.011820407,0.0,1,1,1,0,50,50,50,0,1,1,1,0,50,50,50,0
646571399,3407898,3407898,3407890,3407882,0,0.36617315,0.1932956,0.41704914,0.0,3407898,3407898,3407890,3407882,0,0.028274875,0.0057879835,0.032776456,0.0,1,1,1,0,50,50,50,0,1,1,1,0,50,50,50,0
646771436,3407898,3407898,3407890,3407882,0,0.05335818,0.13955958,0.18948634,0.0,3407898,3407898,3407890,3407882,0,0.03883671,0.015830625,0.023012254,0.0,1,1,1,0,50,50,50,0,1,1,1,0,50,50,50,0
646971407,3407898,3407898,3407890,3407882,0,0.1274551,0.09326513,0.0673758,0.0,3407898,3407898,3407890,3407882,0,0.018274821,0.0062970547,0.011996264,0.0,1,1,1,0,50,50,50,0,1,1,1,0,50,50,50,0
647166416,3407898,3407898,3407890,3407882,0,0.118885554,0.017318217,0.113982685,0.0,3407898,3407898,3407890,3407882,0,0.0014930926,0.0011559083,0.002492172,0.0,1,1,1,0,50,50,50,0,1,1,1,0,50,50,50,0
647366417,3407898,3407898,3407890,3407882,0,0.03995612,0.045055147,0.047755722,0.0,3407898,3407898,3407890,3407882,0,0.006399403,0.0026691342,0.0037789342,0.0,1,1,1,0,50,50,50,0,1,1,1,0,50,50,50,0
647566436,3407898,3407898,3407890,3407882,0,0.068233326,0.04700415,0.02269804,0.0,3407898,3407898,3407890,3407882,0,0.0051582046,0.0019964552,0.003391305,0.0,1,1,1,0,50,50,50,0,1,1,1,0,50,50,50,0
647771403,3407898,3407898,3407890,3407882,0,0.056492038,0.07353915,0.045664694,0.0,3407898,3407898,3407890,3407882,0,0.0032365068,0.0011594552,0.0022842442,0.0,1,1,1,0,50,50,50,0,1,1,1,0,50,50,50,0
647971434,3407898,3407898,3407890,3407882,0,0.05926925,0.04332166,0.052052017,0.0,3407898,3407898,3407890,3407882,0,0.009580416,0.004207361,0.0053980136,0.0,1,1,1,0,50,50,50,0,1,1,1,0,50,50,50,0
648171409,3407898,3407898,3407890,3407882,0,0.077596724,0.07145689,0.034743227,0.0,3407898,3407898,3407890,3407882,0,0.011896421,0.0047296425,0.0072533796,0.0,1,1,1,0,50,50,50,0,1,1,1,0,50,50,50,0
648371418,3407898,3407898,3407890,3407882,0,0.059775416,0.015626365,0.04914079,0.0,3407898,3407898,3407890,3407882,0,0.005465258,0.0023817539,0.0032081965,0.0,1,1,1,0,50,50,50,0,1,1,1,0,50,50,50,0
648566403,3407898,3407898,3407890,3407882,0,0.058945447,0.031057784,0.052574303,0.0,3407898,3407898,3407890,3407882,0,0.009603104,0.0035268783,0.006077956,0.0,1,1,1,0,50,50,50,0,1,1,1,0,50,50,50,0
648766425,3407898,3407898,3407890,3407882,0,0.026748417,0.020340405,0.014754738,0.0,3407898,3407898,3407890,3407882,0,0.00075068884,0.00034995005,0.00048205408,0.0,1,1,1,0,50,50,50,0,1,1,1,0,50,50,50,0
648966400,3407898,3407898,3407890,3407882,0,0.043226246,0.041068982,0.024614906,0.0,3407898,3407898,3407890,3407882,0,0.006446921,0.0028049012,0.0036756794,0.0,1,1,1,0,50,50,50,0,1,1,1,0,50,50,50,0
649171435,3407898,3407898,3407890,3407882,0,0.035121284,0.03860703,0.015988452,0.0,3407898,3407898,3407890,3407882,0,0.005322665,0.0022270568,0.0032371937,0.0,1,1,1,0,50,50,50,0,1,1,1,0,50,50,50,0
649371415,3407898,3407898,3407890,3407882,0,0.052778937,0.029770033,0.02549288,0.0,3407898,3407898,3407890,3407882,0,0.0008498662,0.00046099568,0.0009967191,0.0,1,1,1,0,50,50,50,0,1,1,1,0,50,50,50,0
649571405,3407898,3407898,3407890,3407882,0,0.03655225,0.021296864,0.029654648,0.0,3407898,3407898,3407890,3407882,0,0.004618884,0.0017041404,0.002972787,0.0,1,1,1,0,50,50,50,0,1,1,1,0,50,50,50,0
649768005,3407882,3407898,3407890,3407882,0,0.03138771,0.018482182,0.023851857,0.0,3407882,3407898,3407890,3407882,0,0.00041603332,0.0024183604,0.0023439294,0.0,1,1,1,0,50,50,50,0,1,1,1,0,50,50,50,0
649967954,3407882,3407898,3407890,3407882,0,0.032633435,0.022577805,0.012574823,0.0,3407882,3407898,3407890,3407882,0,0.0010228199,0.0026169948,0.0018016851,0.0,1,1,1,0,50,50,50,0,1,1,1,0,50,50,50,0
650167953,3407882,3407898,3407890,3407882,0,0.031802725,0.03173103,0.0041614585,0.0,3407882,3407898,3407890,3407882,0,0.001025342,0.0044859583,0.0035126163,0.0,1,1,1,0,50,50,50,0,1,1,1,0,50,50,50,0
650367950,3407882,3407898,3407890,3407882,0,0.033323932,0.034503043,0.0013708699,0.0,3407882,3407898,3407890,3407882,0,0.00051003275,0.0022991113,0.0018959596,0.0,1,1,1,0,50,50,50,0,1,1,1,0,50,50,50,0
650567951,3407882,3407898,3407890,3407882,0,0.036846634,0.02952956,0.011695068,0.0,3407882,3407898,3407890,3407882,0,0.0004084285,0.0016991169,0.0015906455,0.0,1,1,1,0,50,50,50,0,1,1,1,0,50,50,50,0
650767960,3407882,3407898,3407890,3407882,0,0.038155213,0.025018902,0.017391244,0.0,3407882,3407898,3407890,3407882,0,0.0006599122,0.0031036716,0.0025834078,0.0,1,1,1,0,50,50,50,0,1,1,1,0,50,50,50,0
650967950,3407882,3407898,3407890,3407882,0,0.037835795,0.021729965,0.020078378,0.0,3407882,3407898,3407890,3407882,0,0.0004382939,0.0012733161,0.001335958,0.0,1,1,1,0,50,50,50,0,1,1,1,0,50,50,50,0
651167998,3407882,3407898,3407890,3407882,0,0.032686207,0.02840934,0.00823627,0.0,3407882,3407898,3407890,3407882,0,0.0006784961,0.0017080759,0.0013323276,0.0,1,1,1,0,50,50,50,0,1,1,1,0,50,50,50,0
651367953,3407882,3407898,3407890,3407882,0,0.031473678,0.028753994,0.0058983224,0.0,3407882,3407898,3407890,3407882,0,0.0007756794,0.002828069,0.0021975345,0.0,1,1,1,0,50,50,50,0,1,1,1,0,50,50,50,0
651567953,3407882,3407898,3407890,3407882,0,0.03824474,0.036050986,0.0024294027,0.0,3407882,3407898,3407890,3407882,0,0.00045660697,0.0014868394,0.0012785544,0.0,1,1,1,0,50,50,50,0,1,1,1,0,50,50,50,0
651767949,3407882,3407898,3407890,3407882,0,0.034922633,0.027893323,0.010945355,0.0,3407882,3407898,3407890,3407882,0,0.00032211322,0.00093033485,0.0009349332,0.0,1,1,1,0,50,50,50,0,1,1,1,0,50,50,50,0
651967952,3407882,3407898,3407890,3407882,0,0.039346557,0.027558384,0.015729861,0.0,3407882,3407898,3407890,3407882,0,0.00048758992,0.0019332482,0.0016036582,0.0,1,1,1,0,50,50,50,0,1,1,1,0,50,50,50,0
652167951,3407882,3407898,3407890,3407882,0,0.03899456,0.026891874,0.01747646,0.0,3407882,3407898,3407890,3407882,0,0.00042857774,0.001055432,0.0011041666,0.0,1,1,1,0,50,50,50,0,1,1,1,0,50,50,50,0
652367956,3407882,3407898,3407890,3407882,0,0.039118443,0.029653281,0.011683372,0.0,3407882,3407898,3407890,3407882,0,0.00055280334,0.00081877835,0.00070544233,0.0,1,1,1,0,50,50,50,0,1,1,1,0,50,50,50,0
652567999,3407882,3407898,3407890,3407882,0,0.033451907,0.028878666,0.0047672484,0.0,3407882,3407898,3407890,3407882,0,0.0006610371,0.0020589782,0.0015291225,0.0,1,1,1,0,50,50,50,0,1,1,1,0,50,50,50,0
652767967,3407882,3407898,3407890,3407882,0,0.033064887,0.029229617,0.0059689945,0.0,3407882,3407898,3407890,3407882,0,0.0004867621,0.0013718858,0.0010690597,0.0,1,1,1,0,50,50,50,0,1,1,1,0,50,50,50,0
652967967,3407882,3407898,3407890,3407882,0,0.038283937,0.032506827,0.007807578,0.0,3407882,3407898,3407890,3407882,0,0.00030033098,0.00041699287,0.0005989143,0.0,1,1,1,0,50,50,50,0,1,1,1,0,50,50,50,0
653167958,3407882,3407898,3407890,3407882,0,0.038980823,0.030276202,0.012496833,0.0,3407882,3407898,3407890,3407882,0,0.00032899907,0.0013473864,0.0012732181,0.0,1,1,1,0,50,50,50,0,1,1,1,0,50,50,50,0
653367960,3407882,3407898,3407890,3407882,0,0.036400445,0.02375316,0.01530659,0.0,3407882,3407898,3407890,3407882,0,0.00039912466,0.0010481586,0.0010159471,0.0,1,1,1,0,50,50,50,0,1,1,1,0,50,50,50,0
653567958,3407882,3407898,3407890,3407882,0,0.03348839,0.024417965,0.011736695,0.0,3407882,3407898,3407890,3407882,0,0.00056446454,0.00047618494,0.0005275893,0.0,1,1,1,0,50,50,50,0,1,1,1,0,50,50,50,0
653767964,3407882,3407898,3407890,3407882,0,0.03710374,0.032608334,0.0070733554,0.0,3407882,3407898,3407890,3407882,0,0.0006281701,0.0013474844,0.00097443484,0.0,1,1,1,0,50,50,50,0,1,1,1,0,50,50,50,0
