timestamp,position[0],position[1],position[2],velocity[0],velocity[1],velocity[2],acceleration[0],acceleration[1],acceleration[2],jerk[0],jerk[1],jerk[2],yaw,yawspeed
630551846,nan,nan,nan,-0.00050038146,-0.00042276317,0.6153816,0.074037164,0.062552646,0.16132,nan,nan,8.0,nan,2.6179934
630571725,nan,nan,nan,-0.00054985425,-0.00050406426,0.61696213,0.07279428,0.06673226,0.159024,nan,nan,8.0,nan,2.6179934
630751838,nan,nan,nan,-0.0012104216,-0.0006046911,0.6313806,0.10281372,0.051362716,0.161216,nan,nan,8.0,nan,2.6179934
630971685,0.24752502,2.8073347,nan,0.0,0.0,0.64895624,0.0,0.0,0.160016,nan,nan,8.0,nan,2.6179934
631161831,nan,nan,nan,-0.0003622808,-0.0012926245,0.6637687,0.024319764,0.08677334,0.081088,nan,nan,8.0,nan,2.6179934
631361825,nan,nan,nan,-0.00029528874,-0.0002051713,0.6813627,0.071343906,0.0495709,0.159944,nan,nan,8.0,nan,2.6179936
631561821,nan,nan,nan,-0.00016142854,-0.0016745571,0.6972775,0.0076956623,0.079829924,0.0802,nan,nan,8.0,nan,2.498953
631751700,nan,nan,nan,5.079774e-05,-0.00036917056,0.7,-0.011923112,0.08665057,0.0,nan,nan,0.0,nan,1.1061544
631951833,nan,nan,nan,-0.00060929963,-0.0007018616,0.69517714,0.06856947,0.07898622,-0.161352,nan,nan,-8.0,nan,0.12971112
632151787,nan,nan,-0.7160473,-0.00019498065,-0.00039664225,0.6791839,0.039715793,0.08079241,-0.160784,nan,nan,-8.0,nan,0.013933815
632371708,nan,nan,-0.7151135,-0.00090663985,-0.0012649688,0.6615964,0.069222674,0.09658139,-0.15928,nan,nan,-8.0,nan,0.0011978694
632571669,nan,nan,-0.7141786,-0.0008675902,-0.0009357339,0.6456022,0.076373376,0.082372,-0.15874399,nan,nan,-8.0,nan,0.00012866953
632771669,nan,nan,-0.7137309,-0.00067217014,-0.0016445345,0.6296023,0.046683375,0.114215754,-0.159008,nan,nan,-8.0,nan,1.3816092e-05
632971701,nan,nan,-0.7139616,-0.0004965058,-0.0025844953,0.6128171,0.026283111,0.13681324,-0.158464,nan,nan,-8.0,nan,1.4976339e-06
633151855,nan,nan,nan,-0.00030628662,-0.0005361519,0.5983921,0.04745146,0.08306331,-0.160944,nan,nan,-8.0,nan,2.0069818e-07
633351795,nan,nan,nan,-0.00043766433,-0.00041121733,0.58240145,0.069313884,0.06512541,-0.16084,nan,nan,-8.0,1.5554284,2.1562823e-08
633551868,nan,nan,nan,-0.0009596816,-0.00017304579,0.5663896,0.104139864,0.018778067,-0.161432,nan,nan,-8.0,1.5554302,2.313633e-09
633771664,0.2459742,2.8091903,nan,0.0,0.0,0.4592204,0.0,0.0,-1.2800081,nan,nan,-8.0,1.5554209,1.9914054e-10
633961825,0.2459742,2.8091903,nan,0.0,0.0,0.07117587,0.0,0.0,-2.7853906,nan,nan,8.0,1.5554209,2.3715956e-11
634171687,0.2459742,2.8091903,nan,0.0,0.0,-0.33978465,0.0,0.0,-1.1188029,nan,nan,8.0,1.5554209,2.3406205e-12
634371665,0.2459742,2.8091903,nan,0.0,0.0,-0.40736234,0.0,0.0,0.18597443,nan,nan,-8.0,1.5554209,2.5137897e-13
634551796,0.2459742,2.8091903,nan,0.0,0.0,-0.38246673,0.0,0.0,0.19388863,nan,nan,-8.0,1.5554209,3.369513e-14
634751794,0.2459742,2.8091903,nan,0.0,0.0,-0.35394275,0.0,0.0,0.16978382,nan,nan,8.0,1.5554209,3.618111e-15
634951819,0.2459742,2.8091903,nan,0.0,0.0,-0.3281251,0.0,0.0,0.0,nan,nan,0.0,1.5554209,3.8838806e-16
635171661,0.2459742,2.8091903,nan,0.0,0.0,-0.3054708,0.0,0.0,0.25649497,nan,nan,-8.0,1.5554209,3.341583e-17
635371683,0.2459742,2.8091903,nan,0.0,0.0,-0.26904628,0.0,0.0,0.27068686,nan,nan,-8.0,1.5554209,3.5871883e-18
635571662,0.2459742,2.8091903,nan,0.0,0.0,-0.25011906,0.0,0.0,0.0,nan,nan,0.0,1.5554209,3.8525412e-19
635771666,0.2459742,2.8091903,nan,0.0,0.0,-0.25557455,0.0,0.0,-0.16446277,nan,nan,8.0,1.5554209,4.1365655e-20
635951792,0.2459742,2.8091903,nan,0.0,0.0,-0.29013127,0.0,0.0,0.0,nan,nan,0.0,1.5554209,5.544865e-21
636161809,0.2459742,2.8091903,nan,0.0,0.0,-0.29690936,0.0,0.0,-0.10516827,nan,nan,8.0,1.5554209,5.290652e-22
636351792,0.2459742,2.8091903,nan,0.0,0.0,-0.32499975,0.0,0.0,-0.2236187,nan,nan,8.0,1.5554209,6.455725e-23
636571688,0.2459742,2.8091903,nan,0.0,0.0,-0.41379026,0.0,0.0,-0.45389014,nan,nan,8.0,1.5554209,5.5512832e-24
636771658,0.2459742,2.8091903,nan,0.0,0.0,-0.50918895,0.0,0.0,-0.6124514,nan,nan,8.0,1.5554209,5.962464e-25
636971652,0.2459742,2.8091903,nan,0.0,0.0,-0.5879301,0.0,0.0,0.0,nan,nan,0.0,1.5554209,6.402426e-26
637171708,0.2459742,2.8091903,nan,0.0,0.0,-0.5792231,0.0,0.0,-0.159304,nan,nan,-8.0,1.5554209,6.8708676e-27
637351836,0.2459742,2.8091903,nan,0.0,0.0,-0.5823297,0.0,0.0,-0.08393541,nan,nan,8.0,1.5554209,9.210157e-28
637551785,0.2459742,2.8091903,nan,0.0,0.0,-0.6104596,0.0,0.0,-0.160712,nan,nan,-8.0,1.5554209,9.894204e-29
637751786,0.2459742,2.8091903,nan,0.0,0.0,-0.61414367,0.0,0.0,0.0,nan,nan,0.0,1.5554209,1.062365e-29
637971661,0.2459742,2.8091903,nan,0.0,0.0,-0.61414367,0.0,0.0,0.0,nan,nan,0.0,1.5554209,9.137205e-31
638171665,0.2459742,2.8091903,nan,0.0,0.0,-0.61414367,0.0,0.0,0.0,nan,nan,0.0,1.5554209,9.8106376e-32
638371684,0.2459742,2.8091903,nan,0.0,0.0,-0.6093691,0.0,0.0,0.09154579,nan,nan,-8.0,1.5554209,1.0532343e-32
638571664,0.2459742,2.8091903,nan,0.0,0.0,-0.50060993,0.0,0.0,1.0214413,nan,nan,-8.0,1.5554209,1.1311322e-33
638751791,0.2459742,2.8091903,nan,0.0,0.0,-0.25244677,0.0,0.0,1.2052903,nan,nan,-8.0,1.5554209,1.5162439e-34
638951789,0.2459742,2.8091903,nan,0.0,0.0,-0.032559603,0.0,0.0,0.72177124,nan,nan,-8.0,1.5554209,1.628109e-35
639151819,0.2459742,2.8091903,-1.011154,0.0,0.0,0.0,0.0,0.0,0.0,nan,nan,0.0,1.5554209,1.7646777e-36
639371661,0.2459742,2.8091903,-1.011154,0.0,0.0,0.0,0.0,0.0,0.0,nan,nan,0.0,1.5554209,1.5182357e-37
639571685,0.2459742,2.8091903,-1.011154,0.0,0.0,0.0,0.0,0.0,0.0,nan,nan,0.0,1.5554209,1.6298103e-38
639771698,0.2459742,2.8091903,-1.011154,0.0,0.0,0.0,0.0,0.0,0.0,nan,nan,0.0,1.5554209,1.749757e-39
639971668,0.2459742,2.8091903,-1.011154,0.0,0.0,0.0,0.0,0.0,0.0,nan,nan,0.0,1.5554209,1.8794e-40
640151795,0.2459742,2.8091903,nan,0.0,0.0,-0.090396196,0.0,0.0,0.42140293,nan,nan,-8.0,1.5554209,2.5193e-41
640351844,0.2459742,2.8091903,nan,0.0,0.0,-0.16617337,0.0,0.0,-1.178989,nan,nan,-8.0,1.5554209,2.703e-42
640551822,0.2459742,2.8091903,nan,0.0,0.0,-0.44422537,0.0,0.0,-1.2536407,nan,nan,8.0,1.5554209,2.9e-43
640771691,0.2459742,2.8091903,nan,0.0,0.0,-0.5626033,0.0,0.0,0.057161614,nan,nan,-8.0,1.5554209,2.5e-44
640971660,0.2459742,2.8091903,nan,0.0,0.0,-0.54813987,0.0,0.0,0.4011491,nan,nan,8.0,1.5554209,3e-45
641171660,0.2459742,2.8091903,nan,0.0,0.0,-0.30790606,0.0,0.0,2.001165,nan,nan,8.0,1.5554209,3e-45
641371696,0.2459742,2.8091903,nan,0.0,0.0,-0.024407977,0.0,0.0,0.62492263,nan,nan,-8.0,1.5554209,1e-45
641551836,0.2459742,2.8091903,-1.1849797,0.0,0.0,0.0,0.0,0.0,0.0,nan,nan,0.0,1.5554209,1e-45
641751795,0.2459742,2.8091903,-1.1849797,0.0,0.0,0.0,0.0,0.0,0.0,nan,nan,0.0,1.5554209,1e-45
641951792,0.2459742,2.8091903,-1.1849797,0.0,0.0,0.0,0.0,0.0,0.0,nan,nan,0.0,1.5554209,1e-45
642171683,0.2459742,2.8091903,-1.1849797,0.0,0.0,0.0,0.0,0.0,0.0,nan,nan,0.0,1.5554209,1e-45
642371682,0.2459742,2.8091903,nan,0.0,0.0,-0.069034055,0.0,0.0,-0.18148975,nan,nan,-8.0,1.5554209,1e-45
642571689,0.2459742,2.8091903,nan,0.0,0.0,-0.1778528,0.0,0.0,-0.46604705,nan,nan,8.0,1.5554209,1e-45
642771652,0.2459742,2.8091903,nan,0.0,0.0,-0.22552598,0.0,0.0,0.0,nan,nan,0.0,1.5554209,1e-45
642951816,0.2459742,2.8091903,nan,0.0,0.0,-0.1261255,0.0,0.0,1.1354157,nan,nan,-8.0,1.5554209,1e-45
643151818,0.2459742,2.8091903,-1.180061,0.0,0.0,-3.330669e-15,0.0,0.0,0.0,nan,nan,0.0,1.5554209,1e-45
643351806,0.2459742,2.8091903,-1.180061,0.0,0.0,0.0,0.0,0.0,0.0,nan,nan,0.0,1.5554209,1e-45
643571668,0.2459742,2.8091903,-1.180061,0.0,0.0,0.0,0.0,0.0,0.0,nan,nan,0.0,1.5554209,1e-45
643771693,0.2459742,2.8091903,-1.180061,0.0,0.0,0.0,0.0,0.0,0.0,nan,nan,0.0,1.5554209,1e-45
643971661,0.2459742,2.8091903,-1.180061,0.0,0.0,0.0,0.0,0.0,0.0,nan,nan,0.0,1.5554209,1e-45
644171673,nan,nan,-1.180061,-0.00021268569,-0.0061412314,0.0,0.0041803904,-0.01485458,0.0,nan,nan,0.0,1.5554209,1e-45
644351796,nan,nan,-1.180061,-0.0003946554,-0.02541487,0.0,-0.0030358394,-0.20049295,0.0,nan,nan,0.0,1.5554209,1e-45
644551818,nan,nan,-1.180061,-0.0010312634,-0.06700672,0.0,-0.004269374,-0.27799007,0.0,nan,nan,0.0,1.5554209,1e-45
644751792,nan,nan,-1.180061,-0.0021527365,-0.13997214,0.0,-0.005589775,-0.36360484,0.0,nan,nan,0.0,1.5554209,1e-45
644971712,nan,nan,-1.180061,-0.0036635145,-0.23823409,0.0,-0.008317398,-0.540941,0.0,nan,nan,0.0,1.5554209,1e-45
645171662,nan,nan,-1.180061,-0.0055444464,-0.36056226,0.0,-0.009557824,-0.6215961,0.0,nan,nan,0.0,1.5554209,1e-45
645371666,nan,nan,-1.180061,-0.0073892735,-0.48054063,0.0,-0.00895807,-0.58258617,0.0,nan,nan,0.0,1.5554209,1e-45
645571689,nan,nan,-1.180061,-0.009118314,-0.59298813,0.0,-0.008386863,-0.5454357,0.0,nan,nan,0.0,1.5554209,1e-45
645751857,nan,nan,-1.180061,-0.010578352,-0.6879407,0.0,-0.007877623,-0.51231635,0.0,nan,nan,0.0,1.5554209,1e-45
645951794,nan,nan,-1.180061,-0.011300383,-0.7897178,0.0,0.021450084,-0.5030729,0.0,nan,nan,0.0,1.5827438,1e-45
646141871,nan,nan,-1.180061,0.021347689,-0.877063,0.0,0.30569017,-0.3964609,0.0,nan,nan,0.0,1.8772436,1e-45
646371664,nan,nan,-1.180061,0.04198576,-0.8018023,0.0,-0.036354627,0.69426453,0.0,nan,nan,0.0,1.9417053,1e-45
646571647,nan,nan,-1.180061,0.033925742,-0.6478801,0.0,-0.042996887,0.8211117,0.0,nan,nan,0.0,1.8506811,1e-45
646771686,nan,nan,-1.180061,0.02492376,-0.47596923,0.0,-0.04555365,0.8699383,0.0,nan,nan,0.0,1.855304,1e-45
646971658,nan,nan,-1.180061,0.016212841,-0.30961674,0.0,-0.04128626,0.78844386,0.0,nan,nan,0.0,1.8453501,1e-45
647151758,nan,nan,nan,0.00944482,-0.18036778,-1.1979305,-0.034200136,0.6531203,0.96076,nan,nan,8.0,1.8557891,1e-45
647351797,nan,nan,nan,0.003746625,-0.07154933,-0.84567845,-0.023404893,0.44696343,2.561072,nan,nan,8.0,1.8585194,1e-45
647551828,nan,nan,nan,0.00050101324,-0.009567855,-0.2846098,-0.009975806,0.19050807,2.345996,nan,nan,-8.0,1.8597146,1e-45
647771653,-0.9587816,2.8899858,nan,0.0,0.0,0.03780658,0.0,0.0,0.5873958,nan,nan,-8.0,1.861101,1e-45
647971686,-0.9587816,2.8899858,nan,0.0,0.0,-0.08638085,0.0,0.0,0.58765984,nan,nan,8.0,1.8594072,1e-45
648171661,-0.9587816,2.8899858,2.2524972,0.0,0.0,-8.271806e-25,0.0,0.0,0.0,nan,nan,0.0,1.857247,1e-45
648371670,-0.9587816,2.8899858,2.2524972,0.0,0.0,0.0,0.0,0.0,0.0,nan,nan,0.0,1.855699,1e-45
648551781,-0.9587816,2.8899858,2.2524972,0.0,0.0,0.0,0.0,0.0,0.0,nan,nan,0.0,1.8549832,1e-45
648751805,-0.9587816,2.8899858,2.2524972,0.0,0.0,0.0,0.0,0.0,0.0,nan,nan,0.0,1.8553228,1e-45
648951762,-0.9587816,2.8899858,2.2524972,0.0,0.0,0.0,0.0,0.0,0.0,nan,nan,0.0,1.3988593,1e-45
649171684,-0.9587816,2.8899858,2.2524972,0.0,0.0,0.0,0.0,0.0,0.0,nan,nan,0.0,1.3988593,1e-45
649371665,-0.9587816,2.8899858,2.2524972,0.0,0.0,0.0,0.0,0.0,0.0,nan,nan,0.0,1.3988593,1e-45
649571657,-0.9587816,2.8899858,2.2524972,0.0,0.0,0.0,0.0,0.0,0.0,nan,nan,0.0,1.3988593,1e-45
649763170,nan,nan,-0.19926162,0.0010059243,0.009084148,0.0,-0.024065481,-0.2173269,0.0,nan,nan,0.0,1.4327459,1e-45
649963166,-0.8221011,2.7407663,-0.19926162,0.0,0.0,0.0,0.0,0.0,0.0,nan,nan,0.0,1.4350475,1e-45
650163191,-0.8221011,2.7407663,-0.19926162,0.0,0.0,0.0,0.0,0.0,0.0,nan,nan,0.0,1.4371343,1e-45
650363264,-0.8221011,2.7407663,-0.19926162,0.0,0.0,0.0,0.0,0.0,0.0,nan,nan,0.0,1.4390813,1e-45
650563170,-0.8221011,2.7407663,-0.19926162,0.0,0.0,0.0,0.0,0.0,0.0,nan,nan,0.0,1.4405421,1e-45
650763168,-0.8221011,2.7407663,-0.19926162,0.0,0.0,0.0,0.0,0.0,0.0,nan,nan,0.0,1.4416571,1e-45
650963168,-0.8221011,2.7407663,-0.19926162,0.0,0.0,0.0,0.0,0.0,0.0,nan,nan,0.0,1.442972,1e-45
651163172,-0.8221011,2.7407663,-0.19926162,0.0,0.0,0.0,0.0,0.0,0.0,nan,nan,0.0,1.4060885,1e-45
651363162,-0.8221011,2.7407663,-0.19926162,0.0,0.0,0.0,0.0,0.0,0.0,nan,nan,0.0,1.4060885,1e-45
651563169,-0.8221011,2.7407663,-0.19926162,0.0,0.0,0.0,0.0,0.0,0.0,nan,nan,0.0,1.4060885,1e-45
651763247,-0.8221011,2.7407663,-0.19926162,0.0,0.0,0.0,0.0,0.0,0.0,nan,nan,0.0,1.4060885,1e-45
651963166,-0.8221011,2.7407663,-0.19926162,0.0,0.0,0.0,0.0,0.0,0.0,nan,nan,0.0,1.4060885,1e-45
652163171,-0.8221011,2.7407663,-0.19926162,0.0,0.0,0.0,0.0,0.0,0.0,nan,nan,0.0,1.4060885,1e-45
652363166,-0.8221011,2.7407663,-0.19926162,0.0,0.0,0.0,0.0,0.0,0.0,nan,nan,0.0,1.4060885,1e-45
652563192,-0.8221011,2.7407663,-0.19926162,0.0,0.0,0.0,0.0,0.0,0.0,nan,nan,0.0,1.4060885,1e-45
652763193,-0.8221011,2.7407663,-0.19926162,0.0,0.0,0.0,0.0,0.0,0.0,nan,nan,0.0,1.4060885,1e-45
652963180,nan,nan,-0.41995037,0.35086265,-0.16210034,0.0,-0.57762635,0.27404296,0.0,nan,nan,0.0,1.4109457,1e-45
653163261,nan,nan,-0.6007623,0.41530073,-0.11738818,0.0,-1.2345825,0.348965,0.0,nan,nan,0.0,-1.9294578,1e-45
653363184,nan,nan,-0.75138867,0.47005358,-0.08194981,0.0,-1.3269141,0.23133607,0.0,nan,nan,0.0,-1.9345345,1e-45
653563188,nan,nan,-0.87252015,0.57934177,-0.05793729,0.0,-1.4766872,0.14767666,0.0,nan,nan,0.0,-1.9417847,1e-45
653763254,nan,nan,-0.96214503,0.7199464,-0.03973909,0.0,-1.6450585,0.09080277,0.0,nan,nan,0.0,-1.949349,1e-45
